word,hiragana,meaning,romaji,score,used,day
～ (まる) ごと,～ (まる) ごと,～ 전체,～_(maru)_goto,50,false,
(かさを～) さす,(かさを～) さす,"쓰다, (우산을) 펴 들다",(kasawo～)_sasu,50,false,
～(日本) 式,～(にほん) しき,"～식, ～방식",～(nihon)_shiki,50,false,
～位,～い,"～위, ～등",～i,60,true,DAY 003
～いち (にほんいち),～いち (にほんいち),"가장 ～한 것, 일본 제일",～ichi_(nihon'ichi),50,false,
～園,～えん,"～원, ～동산",～en,50,false,
～おしまい (おわり),～おしまい (おわり),"끝, 마지막",～oshimai_(owari),50,false,
～日,～か,"～일간, ～일 동안",～ka,60,true,DAY 003
～下,～か,～ 아래,～ka_2,60,true,DAY 003
～化,～か,"～화, ～하게 함",～ka_3,50,false,
～科,～か,"～과, ～분야",～ka_4,50,false,
～歌,～か,～의 노래,～ka_5,60,true,DAY 003
～画,～が,"～화, 그림",～ga,50,false,
～外,～がい,"～산, ～제",～gai,60,true,DAY 003
～難い,～がたい,～하기 어렵다,～gatai,50,false,
～がち,～がち,～하는 경향이 있다,～gachi,60,true,DAY 004
～刊,～かん,"～ 발행 (잡지, 신문)",～kan,50,false,
～間,～かん,"사이, 동안",～kan_2,50,false,
～巻,～かん,～권,～kan_3,50,false,
～館,～かん,"～ 홀, ～ 건물",～kan_4,50,false,
～感,～かん,"느낌, 감각, 인상",～kan_5,60,true,DAY 004
～期,～き,"～나이, ～기간",～ki,50,false,
～器,～き,"장치, 장비",～ki_2,60,true,DAY 004
～機,～き,기계,～ki_3,50,false,
～気味,～ぎみ,약간 ～,～gimi,60,true,DAY 004
～教,～きょう,종교,～kyou,50,false,
～行,～ぎょう,"선, 행",～gyou,50,false,
～業,～ぎょう,사업 유형,～gyou_2,50,false,
～きる,～きる,그럼에도 불구하고 이겨내기 위해,～kiru,50,false,
～切れ,～きれ,"～끝, ～만큼",～kire,60,true,DAY 004
～口,～くち,"～ 오프닝, ～ 입구, ～ 출구",～kuchi,60,true,DAY 005
～家,～け,"～의 가족, ～의 집",～ke,60,true,DAY 005
～形,～けい,～의 모양,～kei,60,true,DAY 005
～系,～けい,"～ 시스템, ～ 계보, ～ 그룹",～kei_2,50,false,
～圏,～けん,～채,～ken,50,false,
～校,～こう,～교,～kou,50,false,
～港,～こう,～ 항구,～kou_2,60,true,DAY 005
～号,～ごう,～호,～gou,50,false,
～国,～こく,～의 나라,～koku,60,true,DAY 005
～毎,～ごと,"～마다, 각각 ～마다",～goto,50,false,
～山,～さん,산의 이름,～san,60,true,DAY 006
～産,～さん,"～산, ～에서 생산한",～san_2,50,false,
～史,～し,～의 역사,～shi,50,false,
～紙,～し,"신문, 종이의 종류",～shi_2,60,true,DAY 006
～寺,～じ,사원의 이름,～ji,60,true,DAY 006
～時間目,～じかんめ,"～번째 시간, ～번째 교시",～jikanme,50,false,
～室,～しつ,～실,～shitsu,50,false,
～日,～じつ,낮,～jitsu,60,true,DAY 006
～車,～しゃ,～ 자동차,～sha,60,true,DAY 006
～者,～しゃ,사람,～sha_2,60,true,DAY 007
～社,～しゃ,～사,～sha_3,50,false,
～手,～しゅ,"～선수, ～하는 사람",～shu,60,true,DAY 007
～酒,～しゅ,알코올의 종류,～shu_2,60,true,DAY 007
～集,～しゅう,～의 수집,～shuu,60,true,DAY 007
～所,～しょ,장소,～sho,60,true,DAY 007
～所,～じょ,장소,～jo,60,true,DAY 008
～女,～じょ,자매로 계산,～jo_2,60,true,DAY 008
～省,～しょう,일종의 사역,～shou,50,false,
～商,～しょう,"상인, 사업",～shou_2,50,false,
～勝,～しょう,승리를 계산하다,～shou_3,50,false,
～条,～じょう,"～조, ～항",～jou,50,false,
～場,～じょう,"들판, 땅의 종류",～jou_2,60,true,DAY 008
～畳,～じょう,"다다미, 매트 계산",～jou_3,60,true,DAY 008
～色,～しょく,색깔의 종류,～shoku,60,true,DAY 008
～過ぎる,～すぎる,너무 많아 ～,～sugiru,60,true,DAY 009
～済,～ずみ,완성된,～zumi,50,false,
～席,～せき,～석,～seki,60,true,DAY 009
～船,～せん,～척,～sen,60,true,DAY 009
～戦,～せん,～전,～sen_2,50,false,
～前,～ぜん,～전에,～zen,60,true,DAY 009
～沿い,～そい,～을 따라,～soi,60,true,DAY 009
～艘,～そう,～척,～sou,50,false,
～足,～そく,～켤레,～soku,60,true,DAY 010
～だらけ,～だらけ,"～으로 가득 차다, ～로 가득 차다",～darake,60,true,DAY 010
～団,～だん,"단체, 군단, 당",～dan,50,false,
～着,～ちゃく,"～벌, ～착",～chaku,50,false,
～庁,～ちょう,"사무실, 대리점",～chou,50,false,
～兆,～ちょう,일조,～chou_2,50,false,
～長,～ちょう,"리더, 머리",～chou_3,50,false,
～帳,～ちょう,"～ 책, 노트",～chou_4,50,false,
～丁目,～ちょうめ,"～ 지구 (마을의, 도시, 블록)",～choume,50,false,
～通,～つう,～통,～tsuu,50,false,
～遣い,～づかい,～의 사용,～zukai,50,false,
～付,～つき,～와 함께,～tsuki,50,false,
～続く,～つづく,"따라가다, 계속하다",～tsuzuku,60,true,DAY 010
～辛い,～づらい,～하기 어렵다,～zurai,70,true,DAY 001
～滴,～てき,떨어지다,～teki,50,false,
～点,～てん,～점,～ten,60,true,DAY 010
～頭,～とう,～마리,～tou,60,true,DAY 010
～等,～とう,"레벨, 장소",～tou_2,50,false,
～島,～とう,섬의 종류,～tou_3,60,true,DAY 011
～道,～どう,"일종의 길, 도로",～dou,60,true,DAY 011
～通り,～とおり,"～에 따라, ～을 따르다, ～ 거리",～toori,60,true,DAY 011
～ところ,～ところ,～할 예정이다,～tokoro,60,true,DAY 011
～内,～ない,내부 ～,～nai,60,true,DAY 011
～年生,～ねんせい,～학년생,～nensei,50,false,
～泊,～はく,～박,～haku,60,true,DAY 012
～発,～はつ,～발,～hatsu,50,false,
～番目,～ばんめ,～일,～banme,50,false,
～費,～ひ,～의 비용,～hi,60,true,DAY 012
～病,～びょう,질병의 종류,～byou,50,false,
～部,～ぶ,～ 부분,～bu,50,false,
～風,～ふう,～ 스타일,～fuu,70,true,DAY 001
～振り,～ぶり,～의 간격을 두고,～buri,50,false,
～遍,～へん,시간,～hen,50,false,
～弁,～べん,"연설, 방언",～ben,50,false,
～歩,～ほ,"걸음, 속도",～ho,50,false,
～ぽい,～ぽい,～같은,～poi,50,false,
～ほう (ひかく),～ほう (ひかく),(비교),～hou_(hikaku),50,false,
～みたい,～みたい,～처럼 보인다,～mitai,60,true,DAY 012
～向け,～むけ,～을 위해,～muke,60,true,DAY 012
～名,～めい,～명,～mei,60,true,DAY 012
～もち,～もち,～을 가진 사람,～mochi,50,false,
～問,～もん,"～문항, ～문제",～mon,50,false,
～夜,～や,～밤,～ya,60,true,DAY 013
～等,～ら,복수 명,～ra,50,false,
～流,～りゅう,"패션, 매너, 방식",～ryuu,60,true,DAY 013
～料,～りょう,요금,～ryou,50,false,
～領,～りょう,지역,～ryou_2,50,false,
～力,～りょく,～의 힘,～ryoku,70,true,DAY 001
～論,～ろん,이론,～ron,50,false,
～羽,～わ,～마리,～wa,60,true,DAY 013
相変わらず,あいかわらず,"언제나처럼, 예전처럼, 여전히",aikawarazu,60,true,DAY 013
アイデア; アイディア,アイデア; アイディア,아이디어,aidea;_aidia,50,false,
あいまい,あいまい,모호한,aimai,50,false,
扇ぐ,あおぐ,"부채질하다, 펄럭이다",aogu,50,false,
青白い,あおじろい,창백한,aojiroi,50,false,
呆れる,あきれる,"충격을 받다, 경악하다",akireru,50,false,
アクセント,アクセント,악센트,akusento,50,false,
あくび,あくび,따분한 사람,akubi,50,false,
飽くまで,あくまで,"끝까지, 고집스럽게",akumade,50,false,
明くる～,あくる～,다음,akuru～,50,false,
明け方,あけがた,새벽,akegata,50,false,
憧れる,あこがれる,동경하다,akogareru,60,true,DAY 013
朝寝坊,あさねぼう,"늦잠, 늦게 일어나는 사람",asanebou,50,false,
足跡,あしあと,발자국,ashiato,50,false,
足元,あしもと,발 밑에,ashimoto,60,true,DAY 014
味わう,あじわう,맛보다,ajiwau,50,false,
預かる,あずかる,"보관하다, 맡다",azukaru,50,false,
温まる,あたたまる,몸을 따뜻하게 하다,atatamaru,50,false,
当たり前,あたりまえ,"자연스러운, 합리적인, 명백한, 보통의, 일반적인, 평범한, 규범",atarimae,50,false,
あちらこちら,あちらこちら,이리저리,achirakochira,50,false,
厚かましい,あつかましい,뻔뻔한,atsukamashii,60,true,DAY 014
圧縮,あっしゅく,"압축, 응축, 압력",asshuku,50,false,
宛名,あてな,"주소, 방향",atena,50,false,
当てはまる,あてはまる,"적용 가능하다, (범주)에 속하다",atehamaru,60,true,DAY 014
当てはめる,あてはめる,"적용하다, 적응하다",atehameru,50,false,
暴れる,あばれる,"난폭하게 행동하다, 화를 내다",abareru,60,true,DAY 014
脂,あぶら,"지방, 수지, 라드",abura,50,false,
あぶる,あぶる,"태우다, 굽다",aburu,50,false,
あふれる,あふれる,범람하다,afureru,50,false,
雨戸,あまど,슬라이딩 폭풍 문,amado,50,false,
甘やかす,あまやかす,"애지중지하다, 망치다",amayakasu,60,true,DAY 014
余る,あまる,"남다, 초과하다",amaru,60,true,DAY 015
編み物,あみもの,편물,amimono,50,false,
あみもの,あみもの,"뜨개질, 웹",amimono_2,50,false,
編む,あむ,뜨개질하다,amu,60,true,DAY 015
危うい,あやうい,"위험한, 중대한",ayaui,50,false,
怪しい,あやしい,의심스러운,ayashii,60,true,DAY 015
荒い,あらい,"거친, 무례한",arai,60,true,DAY 015
粗い,あらい,거친,arai_2,60,true,DAY 015
粗筋,あらすじ,개요,arasuji,50,false,
争う,あらそう,"경쟁하다, 논쟁하다, 반대하다",arasou,60,true,DAY 016
改めて,あらためて,또 다시,aratamete,50,false,
改める,あらためる,"바꾸다, 개혁하다, 개정하다",aratameru,60,true,DAY 016
あらわす,あらわす,"집필하다, 출판하다",arawasu,50,false,
有難い,ありがたい,고마워요,arigatai,50,false,
あれこれ,あれこれ,이것저것,arekore,50,false,
荒れる,あれる,"폭풍우가 치다, 거칠다, 망가지다",areru,60,true,DAY 016
慌ただしい,あわただしい,"바쁘다, 서두르다",awatadashii,60,true,DAY 016
慌てる,あわてる,"혼란스러워지다 (당황하다, 혼란스러워지다), 당황하다, 서두르다",awateru,60,true,DAY 016
安易,あんい,여유로운,an'i,50,false,
案外,あんがい,"뜻밖의, 놀랍게도",angai,60,true,DAY 017
アンテナ,アンテナ,안테나,antena,50,false,
言い出す,いいだす,"말을 시작하다, 제안하다",iidasu,50,false,
言い付ける,いいつける,"말하다, 주문하다",iitsukeru,50,false,
意義,いぎ,"의미, 의의",igi,60,true,DAY 017
生き生き,いきいき,"생생하게, 생기있게",ikiiki,60,true,DAY 017
いきなり,いきなり,갑자기,ikinari,60,true,DAY 017
幾～,いく～,여러 ～,iku～,50,false,
育児,いくじ,"육아, 간호",ikuji,60,true,DAY 017
幾分,いくぶん,약간,ikubun,50,false,
生け花,いけばな,꽃꽂이,ikebana,50,false,
以後,いご,"이 후에, 지금부터, 이후",igo,50,false,
イコール,イコール,동일한,ikooru,50,false,
以降,いこう,앞으로도,ikou,60,true,DAY 018
勇ましい,いさましい,용감한,isamashii,50,false,
衣食住,いしょくじゅう,"음식, 의복 및 피난처",ishokujuu,50,false,
いちいち,いちいち,"하나씩, 따로",ichiichi,50,false,
一応,いちおう,"잠정적으로, 당분간",ichiou,60,true,DAY 018
一段と,いちだんと,훨씬 더 큰,ichidanto,50,false,
一流,いちりゅう,"일등, 선두",ichiryuu,60,true,DAY 018
一昨日,いっさくじつ,그저께,issakujitsu,60,true,DAY 018
一昨年,いっさくねん,지난 해,issakunen,60,true,DAY 018
一斉,いっせい,"동시에, 한꺼번에",issei,50,false,
一旦,いったん,"한 번, 잠시 동안",ittan,60,true,DAY 019
一定,いってい,"고정된, 정기적인",ittei,60,true,DAY 019
行っていらっしゃい,いっていらっしゃい,잘 다녀오세요,itteirasshai,50,false,
いってきます,いってきます,다녀오겠습니다,ittekimasu,50,false,
いってまいります,いってまいります,다녀오겠습니다,ittemairimasu,50,false,
行ってらっしゃい,いってらっしゃい,잘 다녀오세요,itterasshai,50,false,
移転,いてん,"이사하다, 옮기다",iten,60,true,DAY 019
井戸,いど,우물,ido,50,false,
緯度,いど,위도(탐색),ido_2,50,false,
威張る,いばる,"자랑스러워하다, 뽐내다",ibaru,50,false,
嫌がる,いやがる,"꺼려하다, 싫어하다",iyagaru,60,true,DAY 019
いよいよ,いよいよ,"점점 더, 마침내",iyoiyo,60,true,DAY 019
煎る,いる,굽다,iru,50,false,
炒る,いる,"볶다, 굽다",iru_2,50,false,
入れ物,いれもの,"용기, 케이스",iremono,50,false,
インキ,インキ,잉크,inki,50,false,
引力,いんりょく,중력,inryoku,50,false,
ウーマン,ウーマン,여성,uuman,50,false,
ウール,ウール,양모,uuru,50,false,
ウエートレス,ウエートレス,웨이트리스,ueetoresu,50,false,
植木,うえき,"정원 관목, 나무, 화분",ueki,50,false,
飢える,うえる,굶어 죽다,ueru,50,false,
浮ぶ,うかぶ,떠오르다,ukabu,50,false,
浮かべる,うかべる,"떠다니다, 표현하다",ukaberu,50,false,
浮く,うく,떠다니다,uku,60,true,DAY 020
承る,うけたまわる,"(겸손하게) 듣다, 듣다, 알다",uketamawaru,50,false,
受取,うけとり,영수증,uketori,50,false,
受け持つ,うけもつ,～을 맡다(맡다),ukemotsu,50,false,
薄暗い,うすぐらい,"어둡다, 우울하다",usugurai,60,true,DAY 020
薄める,うすめる,희석시키다,usumeru,50,false,
打合せ,うちあわせ,"비즈니스 미팅, 사전 약속",uchiawase,50,false,
打ち消す,うちけす,부정하다,uchikesu,60,true,DAY 020
写る,うつる,"사진을 찍다, 투영하다",utsuru,50,false,
うどん,うどん,우동(일본 전통 국수),udon,50,false,
うなずく,うなずく,고개를 끄덕이다,unazuku,50,false,
有無,うむ,"존재 유무, 부재 유무 동의 또는 거부, 예 또는 아니오",umu,60,true,DAY 020
埋める,うめる,"(자리, 빈 자리를) 채우다, 채우다",umeru,60,true,DAY 020
敬う,うやまう,"존경심을 표하다, 존경하다",uyamau,50,false,
裏返す,うらがえす,"(무엇을) 뒤집다, 뒤집다",uragaesu,50,false,
裏口,うらぐち,뒷문,uraguchi,50,false,
占う,うらなう,"예측하다, 신성하게 하다",uranau,60,true,DAY 020
恨み,うらみ,원한,urami,50,false,
恨む,うらむ,"저주하다, 쓰라린 기분을 느끼다",uramu,50,false,
羨む,うらやむ,부러워하다,urayamu,50,false,
売上,うりあげ,"판매금액, 수익금",uriage,50,false,
売り上げ,うりあげ,"판매 금액, 판매, 수익금, 취득, 매출액",uriage_2,60,true,DAY 020
売り切れ,うりきれ,매진,urikire,60,true,DAY 020
売り切れる,うりきれる,매진되다,urikireru,60,true,DAY 020
売行き,うれゆき,매상,ureyuki,50,false,
売れ行き,うれゆき,"판매, 수요",ureyuki_2,60,true,DAY 020
うろうろ,うろうろ,"배회하다, 목적 없이 방황하다",urouro,50,false,
上～,うわ～,위 ～,uwa～,80,true,DAY 001
運河,うんが,"운하, 수로",unga,50,false,
うんと,うんと,아주 많이,unto,50,false,
英文,えいぶん,영어로 된 문장,eibun,50,false,
英和,えいわ,영어-일본어(예: 사전),eiwa,50,false,
ええと,ええと,"어디 보자, 음, 어...",eeto,50,false,
液体,えきたい,액체,ekitai,50,false,
エチケット,エチケット,에티켓,echiketto,50,false,
絵の具,えのぐ,"색상, 페인트",enogu,50,false,
エプロン,エプロン,앞치마,epuron,50,false,
偉い,えらい,"훌륭한, 축하받는, 주목할 만한",erai,50,false,
宴会,えんかい,"파티, 연회",enkai,50,false,
園芸,えんげい,원예,engei,50,false,
演劇,えんげき,연극,engeki,50,false,
円周,えんしゅう,둘레,enshuu,50,false,
遠足,えんそく,"여행, 하이킹, 피크닉",ensoku,60,true,DAY 021
延長,えんちょう,연장,enchou,60,true,DAY 021
煙突,えんとつ,굴뚝,entotsu,50,false,
オーケストラ,オーケストラ,오케스트라,ookesutora,50,false,
オートメーション,オートメーション,오토메이션,ootomeeshon,50,false,
追いかける,おいかける,누군가를 쫓거나 뒤쫓다,oikakeru,50,false,
追い越す,おいこす,"(예: 자동차를) 추월하다, 더 멀리 달리다, 앞지르다",oikosu,60,true,DAY 021
オイル,オイル,기름,oiru,50,false,
応援,おうえん,"원조, 지원, 도움, 강화 응원, 응원(～을), 지지하다",ouen,60,true,DAY 021
王女,おうじょ,공주,oujo,50,false,
応ずる,おうずる,"응답하다, 준수하다",ouzuru,50,false,
応接,おうせつ,리셉션,ousetsu,50,false,
応対,おうたい,"받는 것, 다루는 것",outai,50,false,
往復,おうふく,"(col) 왕복, 왕복, 왕복 티켓",oufuku,60,true,DAY 021
欧米,おうべい,"유럽과 미국, 서부",oubei,60,true,DAY 022
応用,おうよう,"응용, 실용화하다",ouyou,60,true,DAY 022
おおざっぱ,おおざっぱ,"거친 (정확하지 않음), 넓은, 개략적인",oozappa,50,false,
大通り,おおどおり,큰길,oodoori,60,true,DAY 022
大凡,おおよそ,대략,ooyoso,50,false,
お帰り,おかえり,"돌아오세요, 환영합니다",okaeri,50,false,
おかけください,おかけください,앉으세요,okakekudasai,50,false,
おかげさまで,おかげさまで,"하느님 덕분에, 덕분에",okagesamade,50,false,
おかず,おかず,"반찬, 밥반찬",okazu,50,false,
おかまいなく,おかまいなく,제발 나 때문에 소란을 피우지 마세요,okamainaku,50,false,
拝む,おがむ,"예배하다, 기도하다",ogamu,50,false,
お代わり,おかわり,"리필, 한 번 더",okawari,50,false,
補う,おぎなう,보상하다,oginau,60,true,DAY 022
お気の毒に,おきのどくに,그 말을 들으니 안타깝습니다…,okinodokuni,50,false,
屋外,おくがい,옥외,okugai,60,true,DAY 022
送り仮名,おくりがな,가나로 쓰여진 단어의 일부,okurigana,50,false,
お元気で,おげんきで,잘 지내세요',ogenkide,50,false,
怠る,おこたる,"무시하다, 실패하다",okotaru,50,false,
押さえる,おさえる,"고정하다, 누르다, 제자리에 고정하다, 단단히 붙잡다 (특히 손으로 신체의 일부)를 덮다, 움켜쥐다 (고통이 있는 신체 부위), 누르다 (신체 부위)",osaeru,50,false,
お先に,おさきに,"너 이전에, 너 이후에",osakini,50,false,
伯父,おじ,(겸손한) 삼촌 (부모님보다 나이가 많은),oji,50,false,
叔父,おじ,삼촌(부모보다 어린),oji_2,50,false,
惜しい,おしい,"유감스럽다, 실망스럽다",oshii,60,true,DAY 023
伯父さん,おじさん,"큰아버지, 백부",ojisan,50,false,
小父さん,おじさん,"아저씨, 중년 남자",ojisan_2,50,false,
叔父さん,おじさん,"삼촌, 외삼촌",ojisan_3,50,false,
お邪魔します,おじゃまします,방해해서 미안해요,ojamashimasu,50,false,
お世話になりました,おせわになりました,신세 많이 졌습니다,osewaninarimashita,50,false,
お大事に,おだいじに,"몸 조심하세요, 건강하세요!, 빨리 나으세요",odaijini,50,false,
落着く,おちつく,진정시키다,ochitsuku,50,false,
お出掛け,おでかけ,나들이,odekake,50,false,
お手伝いさん,おてつだいさん,하녀,otetsudaisan,50,false,
脅かす,おどかす,"위협하다, 강요하다",odokasu,50,false,
落し物,おとしもの,분실물,otoshimono,50,false,
驚かす,おどろかす,"놀라게 하다, 겁을 주다",odorokasu,50,false,
お願いします,おねがいします,"부탁합니다, 잘 부탁드립니다",onegaishimasu,50,false,
各々,おのおの,"각각, 어느쪽이든",onoono,50,false,
伯母,おば,"이모, 고모 (부모님보다 나이가 많은)",oba,50,false,
叔母,おば,"이모, 고모 (부모님보다 나이가 어린)",oba_2,50,false,
小母さん,おばさん,"아주머니, 아줌마",obasan,50,false,
おはよう,おはよう,(축약) 좋은 아침,ohayou,50,false,
お参り,おまいり,참배,omairi,50,false,
お待たせしました,おまたせしました,기다리게 해서 죄송합니다,omataseshimashita,50,false,
お待ちください,おまちください,잠시만 기다려주세요,omachikudasai,50,false,
おまちどおさま,おまちどおさま,오래 기다리셨습니다,omachidoosama,50,false,
おめでたい,おめでたい,"경사스럽다, 축하할 일이다",omedetai,50,false,
思い掛けない,おもいがけない,"예상치 못한, 캐주얼한",omoigakenai,50,false,
思い切り,おもいきり,"온 힘을 다해(마음), 체념, 각오",omoikiri,60,true,DAY 023
思い込む,おもいこむ,"～이라는 인상을 받다, ～이라고 확신하다",omoikomu,50,false,
思いっ切り,おもいっきり,"아주, 많이, 완전히",omoikkiri,50,false,
思いっきり,おもいっきり,최선을 다해,omoikkiri_2,50,false,
重たい,おもたい,"무거운, 대규모의, 심각한",omotai,50,false,
お休み,おやすみ,"휴일, 결석, 잘 자요",oyasumi,50,false,
おやつ,おやつ,"간식, 오후 간식",oyatsu,50,false,
親指,おやゆび,엄지손가락,oyayubi,50,false,
オルガン,オルガン,오르간,orugan,50,false,
御～,おん～,존댓말 ～,on～,50,false,
恩恵,おんけい,"축복, 혜택",onkei,60,true,DAY 023
温室,おんしつ,온실,onshitsu,50,false,
温泉,おんせん,"스파, 온천",onsen,60,true,DAY 023
温帯,おんたい,온대 지역,ontai,50,false,
御中,おんちゅう,선생님.,onchuu,50,false,
女の人,おんなのひと,여성,onnanohito,50,false,
蚊,か,모기,ka,50,false,
カーブ,カーブ,"곡선, 커브볼(야구)",kaabu,50,false,
貝,かい,조개,kai,50,false,
外～,がい～,"외 ~, 외부 ~",gai～,60,true,DAY 023
開会,かいかい,개회,kaikai,60,true,DAY 024
会館,かいかん,"회의실, 집회장",kaikan,50,false,
改札,かいさつ,티켓 심사,kaisatsu,60,true,DAY 024
解散,かいさん,"이별, 해산",kaisan,60,true,DAY 024
海水浴,かいすいよく,해수욕,kaisuiyoku,60,true,DAY 024
回数,かいすう,"횟수, 빈도",kaisuu,70,true,DAY 001
回数券,かいすうけん,티켓북,kaisuuken,50,false,
改正,かいせい,"개정, 변경",kaisei,60,true,DAY 024
快晴,かいせい,좋은 날씨,kaisei_2,60,true,DAY 025
解説,かいせつ,"설명, 해설",kaisetsu,60,true,DAY 025
改造,かいぞう,중수,kaizou,50,false,
開通,かいつう,열다,kaitsuu,50,false,
回転,かいてん,"회전, 터닝",kaiten,60,true,DAY 025
解答,かいとう,"대답, 해결책",kaitou,50,false,
回答,かいとう,대답하다,kaitou_2,60,true,DAY 025
外部,がいぶ,외부,gaibu,50,false,
解放,かいほう,해방,kaihou,60,true,DAY 025
開放,かいほう,"열다, 자유화",kaihou_2,50,false,
海洋,かいよう,대양,kaiyou,50,false,
概論,がいろん,"소개, 총평",gairon,50,false,
却って,かえって,오히려 오히려,kaette,50,false,
家屋,かおく,"집, 건물",kaoku,50,false,
係わる,かかわる,"～에 관여하다, 관여하다",kakawaru,50,false,
書留,かきとめ,등기우편,kakitome,50,false,
書取,かきとり,받아쓰기,kakitori,50,false,
垣根,かきね,방지책,kakine,50,false,
限り,かぎり,최대한 제한,kagiri,70,true,DAY 002
各～,かく～,"～마다, 각각 ～마다",kaku～,50,false,
架空,かくう,"상상의, 허구의, 공상적인",kakuu,50,false,
各自,かくじ,"개인, 각자",kakuji,60,true,DAY 026
拡充,かくじゅう,확장,kakujuu,60,true,DAY 026
学術,がくじゅつ,"과학, 학습, 장학금",gakujutsu,50,false,
各地,かくち,나라의 여러 지역,kakuchi,60,true,DAY 026
拡張,かくちょう,확장,kakuchou,50,false,
角度,かくど,각도,kakudo,60,true,DAY 026
学年,がくねん,학년,gakunen,60,true,DAY 026
学部,がくぶ,"대학 학부의 학과(과정, 프로그램 등)",gakubu,60,true,DAY 027
格別,かくべつ,특별한,kakubetsu,60,true,DAY 027
確率,かくりつ,개연성,kakuritsu,60,true,DAY 027
学力,がくりょく,"장학금, 지식",gakuryoku,50,false,
掛け算,かけざん,곱셈,kakezan,50,false,
かけざん,かけざん,곱셈,kakezan_2,50,false,
可決,かけつ,"승인, 채택(예: 동의, 법안), 통과",kaketsu,50,false,
火口,かこう,분화구 (화산의),kakou,50,false,
下降,かこう,"쇠퇴, 하강, 가을",kakou_2,50,false,
重ねる,かさねる,"쌓다, 여러 번 반복하다, 계속해서 반복하다, 쌓아 올리다",kasaneru,60,true,DAY 027
飾り,かざり,"장식, 장식품",kazari,60,true,DAY 027
火山,かざん,화산,kazan,50,false,
かしこまりました,かしこまりました,틀림없이,kashikomarimashita,50,false,
貸し出し,かしだし,대출,kashidashi,60,true,DAY 027
過失,かしつ,"오류, 실수, 과실",kashitsu,50,false,
果実,かじつ,과일,kajitsu,60,true,DAY 027
貸間,かしま,허락할 수 있는 방,kashima,50,false,
貸家,かしや,임대용 주택,kashiya,50,false,
箇所,かしょ,"장소, 지점, 부분",kasho,60,true,DAY 027
かしょ,かしょ,"통로, 장소",kasho_2,50,false,
過剰,かじょう,"초과, 초과-",kajou,60,true,DAY 027
かじる,かじる,"씹다, 물다 (에)",kajiru,50,false,
課税,かぜい,과세,kazei,50,false,
カセット,カセット,카세트(테이프),kasetto,50,false,
下線,かせん,밑줄,kasen,50,false,
加速,かそく,가속,kasoku,60,true,DAY 027
加速度,かそくど,가속,kasokudo,50,false,
かたかな,かたかな,가타카나,katakana,50,false,
かたづく,かたづく,"정리하다, 처분하다, 해결하다",katazuku,50,false,
塊,かたまり,"덩어리, 클러스터",katamari,50,false,
固まる,かたまる,"굳어지다, 단단해지다",katamaru,60,true,DAY 027
片道,かたみち,편도(여행),katamichi,50,false,
傾く,かたむく,"～쪽으로 기울다, 기울다, 휘청거리다",katamuku,60,true,DAY 027
片寄る,かたよる,"한쪽으로 치우치다, 편파적이다",katayoru,50,false,
学科,がっか,"학습과목, 학습과정",gakka,50,false,
学会,がっかい,학술회의,gakkai,50,false,
楽器,がっき,악기,gakki,60,true,DAY 027
学級,がっきゅう,수업,gakkyuu,50,false,
担ぐ,かつぐ,"어깨에 짊어지다, 어깨에 메다",katsugu,50,false,
括弧,かっこ,괄호,kakko,50,false,
活字,かつじ,인쇄 유형,katsuji,60,true,DAY 027
勝手に,かってに,임의로,katteni,50,false,
活躍,かつやく,"활동(특히 활력이 넘치거나 성공적인), 엄청난 노력, 적극적인 참여",katsuyaku,60,true,DAY 027
活力,かつりょく,"활력, 에너지",katsuryoku,60,true,DAY 027
課程,かてい,"코스, 커리큘럼",katei,50,false,
仮名,かな,가나,kana,50,false,
仮名遣い,かなづかい,"가나 철자법, 음절 철자법",kanazukai,50,false,
鐘,かね,"종(종종 큰 매달린 종), 차임벨",kane,50,false,
加熱,かねつ,난방,kanetsu,60,true,DAY 027
兼ねる,かねる,두 가지 이상의 기능을 동시에 수행하다,kaneru,50,false,
カバー,カバー,표지(예: 책),kabaa,50,false,
過半数,かはんすう,다수,kahansuu,50,false,
かび (～がはえる),かび (～がはえる),곰팡이,kabi_(～gahaeru),50,false,
被せる,かぶせる,"덮어씌우다, 씌우다",kabuseru,50,false,
釜,かま,가마솥,kama,50,false,
構いません,かまいません,상관없어요,kamaimasen,50,false,
紙屑,かみくず,휴지,kamikuzu,50,false,
神様,かみさま,"하느님, 신",kamisama,50,false,
剃刀,かみそり,면도칼,kamisori,50,false,
ガム,ガム,껌,gamu,50,false,
貨物,かもつ,화물,kamotsu,50,false,
歌謡,かよう,가요,kayou,50,false,
殻,から,"껍질, 선체, 꼬투리, 왕겨",kara,50,false,
カラー,カラー,"칼라, 색상",karaa,50,false,
からかう,からかう,"비웃다, 조롱하다",karakau,50,false,
空っぽ,からっぽ,비어 있는,karappo,50,false,
かるた,かるた,카드 놀이 (POR: 카르타),karuta,50,false,
枯れる,かれる,"시들다, 죽다(식물), 폭발하다(식물)",kareru,60,true,DAY 027
カロリー,カロリー,칼로리,karorii,50,false,
可愛がる,かわいがる,"사랑하다, 다정하게 굴다",kawaigaru,60,true,DAY 027
乾かす,かわかす,"(옷 등을) 말리다, 건조시키다",kawakasu,50,false,
為替,かわせ,"우편환, 환전",kawase,50,false,
瓦,かわら,지붕 타일,kawara,50,false,
間隔,かんかく,"공백, 간격 공백 문자",kankaku,60,true,DAY 027
換気,かんき,통풍,kanki,50,false,
感激,かんげき,"감격, 깊은 감동",kangeki,60,true,DAY 027
関西,かんさい,"간사이, 일본 서부 지방",kansai,50,false,
元日,がんじつ,설날,ganjitsu,50,false,
鑑賞,かんしょう,감사,kanshou,60,true,DAY 027
感ずる,かんずる,"느끼다, 감지하다",kanzuru,50,false,
間接,かんせつ,"간접적인, 간접적인 것",kansetsu,50,false,
乾燥,かんそう,"건조한, 무미건조한, 탈수된",kansou,60,true,DAY 027
感想,かんそう,"감상, 소감",kansou_2,60,true,DAY 027
観測,かんそく,관찰,kansoku,60,true,DAY 027
寒帯,かんたい,추운 지역,kantai,50,false,
勘違い,かんちがい,"오해, 잘못된 추측",kanchigai,60,true,DAY 028
官庁,かんちょう,"관공서, 당국",kanchou,50,false,
缶詰,かんづめ,통조림,kanzume,50,false,
乾電池,かんでんち,"건전지, 배터리",kandenchi,50,false,
関東,かんとう,"간토, 일본 동부 지방",kantou,50,false,
観念,かんねん,"아이디어, 개념, 감각",kannen,60,true,DAY 028
乾杯,かんぱい,건배,kanpai,50,false,
看板,かんばん,간판,kanban,60,true,DAY 028
看病,かんびょう,간병,kanbyou,50,false,
冠,かんむり,"왕관, 화환",kanmuri,50,false,
漢和,かんわ,한자-일본어(예: 사전),kanwa,50,false,
気圧,きあつ,기압,kiatsu,50,false,
着替え,きがえ,옷을 갈아입다,kigae,50,false,
着替える,きがえる,(사람의) 옷을 갈아입다,kigaeru,50,false,
機関車,きかんしゃ,"기관차, 엔진",kikansha,50,false,
飢饉,ききん,기근,kikin,50,false,
器具,きぐ,기구,kigu,60,true,DAY 028
期限,きげん,"기간, 기간 기한, 마감일, 마감(날짜)",kigen,60,true,DAY 028
記号,きごう,"상징, 코드",kigou,50,false,
刻む,きざむ,"다지다, 조각하다, 새기다",kizamu,60,true,DAY 028
儀式,ぎしき,의례,gishiki,60,true,DAY 028
基準,きじゅん,"기준, 표준",kijun,50,false,
規準,きじゅん,"규준, 기준",kijun_2,50,false,
起床,きしょう,"일어나기, 침대에서 일어나기",kishou,50,false,
着せる,きせる,옷을 입다,kiseru,50,false,
基礎,きそ,기초,kiso,60,true,DAY 028
基地,きち,베이스,kichi,50,false,
きっかけ,きっかけ,"프롬프트, 트리거, 신호",kikkake,50,false,
切っ掛け,きっかけ,"기회, 시작, 단서, 변명, 동기, 추진력, 상황",kikkake_2,50,false,
ぎっしり,ぎっしり,"단단히, 완전히",gisshiri,50,false,
基盤,きばん,"기반, 토대",kiban,50,false,
客席,きゃくせき,손님 좌석,kyakuseki,60,true,DAY 028
客間,きゃくま,"응접실, 손님방",kyakuma,50,false,
ギャング,ギャング,가다,gyangu,50,false,
キャンパス,キャンパス,교정,kyanpasu,50,false,
休業,きゅうぎょう,"폐쇄, 휴일",kyuugyou,60,true,DAY 028
休講,きゅうこう,강의가 취소되었습니다,kyuukou,50,false,
休息,きゅうそく,"휴식, 안도감",kyuusoku,50,false,
給与,きゅうよ,샐러리,kyuuyo,50,false,
休養,きゅうよう,"휴식, 휴양",kyuuyou,60,true,DAY 028
清い,きよい,"맑다, 순수하다, 고귀하다",kiyoi,50,false,
強化,きょうか,강화하다,kyouka,60,true,DAY 028
境界,きょうかい,경계,kyoukai,50,false,
共産～,きょうさん～,공산주의자 ～,kyousan～,60,true,DAY 028
行事,ぎょうじ,"이벤트, 기능",gyouji,60,true,DAY 028
恐縮,きょうしゅく,불편을 끼쳐드려 죄송합니다,kyoushuku,60,true,DAY 028
教養,きょうよう,"문화, 교육, 세련",kyouyou,60,true,DAY 029
行列,ぎょうれつ,"줄, 행렬, 행렬(수학)",gyouretsu,60,true,DAY 029
漁業,ぎょぎょう,낚시(산업),gyogyou,50,false,
曲線,きょくせん,곡선,kyokusen,60,true,DAY 029
規律,きりつ,"질서, 규칙, 법",kiritsu,50,false,
斬る,きる,"참수하다, 살해하다",kiru,50,false,
気を付ける,きをつける,"조심하다, 주의를 기울이다",kiwotsukeru,50,false,
琴,きん,13현 일본 치터,kin,50,false,
金魚,きんぎょ,금붕어,kingyo,60,true,DAY 029
クーラー,クーラー,에어컨,kuuraa,50,false,
区域,くいき,"구역, 지역",kuiki,50,false,
空～,くう～,비어있다 ～,kuu～,70,true,DAY 002
偶数,ぐうすう,우수,guusuu,50,false,
空想,くうそう,"백일몽, 환상",kuusou,60,true,DAY 029
空中,くうちゅう,"하늘, 공기",kuuchuu,50,false,
釘,くぎ,못,kugi,50,false,
区切る,くぎる,"구두점을 찍다, 잘라내다, 표시하다",kugiru,50,false,
櫛,くし,빗,kushi,50,false,
くしゃみ,くしゃみ,재채기,kushami,50,false,
苦情,くじょう,"불만, 불평",kujou,60,true,DAY 030
苦心,くしん,"고통, 문제",kushin,50,false,
屑,くず,"낭비, 스크랩",kuzu,50,false,
崩す,くずす,"파괴하다, 변화시키다 (돈)",kuzusu,60,true,DAY 030
薬指,くすりゆび,약지,kusuriyubi,50,false,
崩れる,くずれる,무너지다,kuzureru,50,false,
砕く,くだく,부수다,kudaku,60,true,DAY 030
砕ける,くだける,부서지다,kudakeru,50,false,
くたびれる,くたびれる,지치게 하다,kutabireru,50,false,
くだらない,くだらない,"쓸모없는, 멍청한",kudaranai,50,false,
下る,くだる,"내려가다, 내려오다",kudaru,50,false,
唇,くちびる,말뿐인,kuchibiru,50,false,
口紅,くちべに,입술 연지,kuchibeni,50,false,
くっつく,くっつく,"～을 고수하다, ～에 가까이 두다",kuttsuku,50,false,
くっつける,くっつける,부착하다,kuttsukeru,50,false,
くどい,くどい,"장황한, 끈질긴, 무거운 (맛)",kudoi,50,false,
句読点,くとうてん,구두점,kutouten,50,false,
配る,くばる,"배포하다, 전달하다",kubaru,60,true,DAY 030
工夫,くふう,"장치, 기교, 독창성",kufuu,60,true,DAY 030
区分,くぶん,"구분, 분류",kubun,50,false,
組合せ,くみあわせ,콤비네이션,kumiawase,50,false,
組み立てる,くみたてる,"조립하다, 세우다, 건설하다",kumitateru,60,true,DAY 031
悔やむ,くやむ,"후회하다, 슬퍼하다",kuyamu,60,true,DAY 031
クリーニング,クリーニング,"청소, 드라이클리닝, 세탁 서비스",kuriiningu,50,false,
くるむ,くるむ,"에워싸다, 감싸다",kurumu,50,false,
くれぐれも,くれぐれも,"거듭해서, 진심으로",kureguremo,50,false,
郡,ぐん,"지구, 카운티",gun,50,false,
稽古,けいこ,"연습, 훈련",keiko,50,false,
敬語,けいご,"존경어 (lit., 존중 언어)",keigo,50,false,
蛍光灯,けいこうとう,형광등,keikoutou,60,true,DAY 031
形式,けいしき,형식,keishiki,60,true,DAY 031
継続,けいぞく,계속,keizoku,60,true,DAY 031
毛糸,けいと,뜨개질 양모,keito,60,true,DAY 032
経度,けいど,경도,keido,50,false,
系統,けいとう,"시스템, 계보",keitou,60,true,DAY 032
芸能,げいのう,"대중오락, 공연예술",geinou,60,true,DAY 032
競馬,けいば,경마,keiba,50,false,
警備,けいび,"방어, 경비, 치안, 보안",keibi,60,true,DAY 032
形容詞,けいようし,형용사,keiyoushi,50,false,
形容動詞,けいようどうし,"형용사, 준형용사",keiyoudoushi,50,false,
外科,げか,외과,geka,60,true,DAY 032
毛皮,けがわ,"모피, 피부, 펠트",kegawa,50,false,
激増,げきぞう,격증,gekizou,50,false,
下車,げしゃ,하차,gesha,50,false,
下旬,げじゅん,월(마지막 1/3),gejun,50,false,
下水,げすい,"배수, 하수, 도랑, 홈통",gesui,50,false,
削る,けずる,"조금씩 줄이다, 일정 비율을 차지하다",kezuru,60,true,DAY 033
桁,けた,"기둥, 보, 숫자",keta,60,true,DAY 033
下駄,げた,"(일본 신발), 나막신",geta,50,false,
血圧,けつあつ,혈압,ketsuatsu,60,true,DAY 033
月給,げっきゅう,월급,gekkyuu,50,false,
傑作,けっさく,"걸작, 최고의 작품",kessaku,50,false,
月末,げつまつ,월말,getsumatsu,50,false,
気配,けはい,"표시, 힌트",kehai,60,true,DAY 033
下品,げひん,"저속한, 음란한, 거친",gehin,50,false,
下品(な),げひん(な),저속한,gehin(na),50,false,
煙い,けむい,침침한,kemui,50,false,
険しい,けわしい,가파르고 험난하다. 극심한,kewashii,60,true,DAY 033
現～,げん～,"현재, 현직",gen～,50,false,
見学,けんがく,"견학, 관찰로 공부하다",kengaku,60,true,DAY 034
謙虚,けんきょ,겸손,kenkyo,60,true,DAY 034
原稿,げんこう,"원고, 사본",genkou,60,true,DAY 034
原産,げんさん,원산지,gensan,60,true,DAY 034
原始,げんし,"기원, 원시",genshi,50,false,
研修,けんしゅう,훈련,kenshuu,60,true,DAY 034
厳重,げんじゅう,"엄격한, 확고한",genjuu,50,false,
謙遜,けんそん,"겸손, 겸허",kenson,60,true,DAY 035
県庁,けんちょう,현청,kenchou,50,false,
限度,げんど,"한계, 경계",gendo,50,false,
現に,げんに,"사실, 정말",genni,50,false,
顕微鏡,けんびきょう,현미경,kenbikyou,50,false,
懸命,けんめい,"현명함, 신중함",kenmei,50,false,
原理,げんり,"원리, 이론, 근본적인 진실",genri,60,true,DAY 035
原料,げんりょう,원료,genryou,60,true,DAY 035
碁,ご,가다(보드게임),go,50,false,
小～,こ～,작은 ～,ko～,50,false,
コース,コース,강의,koosu,50,false,
コーラス,コーラス,합창,koorasu,50,false,
恋しい,こいしい,"친애하는, 사랑하는, 그리워하다",koishii,60,true,DAY 035
高～,こう～,높음 (수준) ～,kou～,60,true,DAY 035
工員,こういん,공장 노동자,kouin,50,false,
強引,ごういん,"강압적인, 단호한",gouin,60,true,DAY 036
公害,こうがい,"공공 폐해, 오염",kougai,60,true,DAY 036
高級,こうきゅう,"고급, 일류",koukyuu,60,true,DAY 036
公共,こうきょう,"대중, 커뮤니티, 공동",koukyou,60,true,DAY 036
工芸,こうげい,공예,kougei,50,false,
孝行,こうこう,효행,koukou,50,false,
交差,こうさ,십자가,kousa,50,false,
講師,こうし,강사,koushi,60,true,DAY 036
工事,こうじ,건설 작업,kouji,60,true,DAY 037
公式,こうしき,"공식, 공식적인",koushiki,50,false,
口実,こうじつ,변명,koujitsu,50,false,
こうして,こうして,"이렇게, 이것으로",koushite,50,false,
校舎,こうしゃ,"학교 건물, 학교",kousha,50,false,
公衆,こうしゅう,대중,koushuu,60,true,DAY 037
香水,こうすい,향수,kousui,60,true,DAY 037
公正,こうせい,"정의, 공평, 공정성",kousei,60,true,DAY 037
功績,こうせき,"업적, 장점",kouseki,50,false,
光線,こうせん,"빔, 광선",kousen,60,true,DAY 037
高層,こうそう,"키가 큰, 고층",kousou,60,true,DAY 037
構造,こうぞう,"구조, 건설",kouzou,60,true,DAY 037
交替,こうたい,"변화, 완화, 변경",koutai,50,false,
交代,こうたい,"교대, 변경, 구제, 릴레이, 교체(스포츠 등)",koutai_2,60,true,DAY 037
耕地,こうち,경지,kouchi,50,false,
交通機関,こうつうきかん,교통시설,koutsuukikan,50,false,
校庭,こうてい,학교 운동장,koutei,50,false,
肯定,こうてい,긍정,koutei_2,60,true,DAY 037
高度,こうど,"고도, 높이, 고급의",koudo,60,true,DAY 037
高等,こうとう,고급,koutou,50,false,
合同,ごうどう,"조합, 편입",goudou,60,true,DAY 038
高等学校,こうとうがっこう,고등학교,koutougakkou,50,false,
公表,こうひょう,"공식발표, 선언",kouhyou,50,false,
鉱物,こうぶつ,광물,koubutsu,50,false,
公務,こうむ,공무,koumu,50,false,
項目,こうもく,목,koumoku,60,true,DAY 038
紅葉,こうよう,가을 색깔 (잎의),kouyou,60,true,DAY 038
こうよう もみじ,こうよう もみじ,(일본어) 단풍나무,kouyou_momiji,50,false,
合理,ごうり,합리적인,gouri,50,false,
交流,こうりゅう,"교환, 교류",kouryuu,60,true,DAY 038
合流,ごうりゅう,"합류하다, 병합하다",gouryuu,50,false,
効力,こうりょく,"효과, 효능",kouryoku,60,true,DAY 038
焦がす,こがす,태우다,kogasu,50,false,
国王,こくおう,왕,kokuou,50,false,
こくせき,こくせき,국적,kokuseki,50,false,
国立,こくりつ,국가의,kokuritsu,50,false,
ご苦労様,ごくろうさま,수고하셨습니다,gokurousama,50,false,
焦げる,こげる,태워지다,kogeru,60,true,DAY 039
凍える,こごえる,"얼다, 차갑게 하다",kogoeru,50,false,
心当たり,こころあたり,"어느 정도 알고 있다, 알게 되다",kokoroatari,50,false,
心得る,こころえる,"이해하다, 철저한 지식을 갖다",kokoroeru,50,false,
腰掛け,こしかけ,"좌석, 벤치",koshikake,50,false,
腰掛,こしかけ,"좌석, 벤치",koshikake_2,50,false,
腰掛ける,こしかける,(앉다) 앉다,koshikakeru,50,false,
五十音,ごじゅうおん,일본의 음절,gojuuon,50,false,
こしらえる,こしらえる,"만들다, 제조하다",koshiraeru,50,false,
擦る,こする,"문지르다, 갈다, 서리를 내리다(유리), 때리다(성냥)",kosuru,50,false,
個体,こたい,개인,kotai,60,true,DAY 039
ごちそうさま,ごちそうさま,식사해주셔서 감사합니다,gochisousama,50,false,
こちらこそ,こちらこそ,그렇게 말해야 할 사람은 나야,kochirakoso,50,false,
小遣い,こづかい,용돈,kozukai,60,true,DAY 039
コック,コック,"요리하다, 탭, 수탉",kokku,50,false,
こっそり,こっそり,"몰래, 은밀하게",kossori,50,false,
古典,こてん,클래식,koten,60,true,DAY 039
言付ける,ことづける,메시지를 남기려고,kotozukeru,50,false,
言葉遣い,ことばづかい,"말투, 표정, 말씨",kotobazukai,60,true,DAY 039
こないだ,こないだ,"저번에, 요즘, 최근에",konaida,50,false,
御無沙汰,ごぶさた,한동안 편지도 연락도 하지 않고,gobusata,50,false,
ゴム,ゴム,"껌, 고무",gomu,50,false,
御免,ごめん,"(무엇인가) 감소, 미안",gomen,50,false,
ごめんください,ごめんください,"실례합니다, 계십니까",gomenkudasai,50,false,
小指,こゆび,새끼 손가락,koyubi,50,false,
堪える,こらえる,견디다,koraeru,50,false,
娯楽,ごらく,"즐거움, 오락, 휴양",goraku,60,true,DAY 040
御覧,ごらん,"보세요, 살펴보세요",goran,50,false,
コレクション,コレクション,"수집, 보정",korekushon,50,false,
転がす,ころがす,굴리다,korogasu,50,false,
転がる,ころがる,굴러다니다,korogaru,50,false,
紺,こん,감색,kon,50,false,
今～,こん～,"금 ~, 지금 ~",kon～,60,true,DAY 040
コンクール,コンクール,콩쿠르,konkuuru,50,false,
コンクリート,コンクリート,콘크리트,konkuriito,50,false,
混合,こんごう,"섞다, 혼합하다",kongou,50,false,
コンセント,コンセント,"동의, 전원 콘센트",konsento,50,false,
献立,こんだて,메뉴,kondate,50,false,
こんばんは,こんばんは,좋은 저녁이에요,konbanha,50,false,
サークル,サークル,"서클, 스포츠 클럽(예: 회사에서)",saakuru,50,false,
再～,さい～,다시 ～,sai～,60,true,DAY 040
最～,さい～,가장 ～,sai～_2,50,false,
在学,ざいがく,(등록) 학교에,zaigaku,60,true,DAY 040
再三,さいさん,"몇 번이고, 반복해서",saisan,50,false,
祭日,さいじつ,"국경일, 명절",saijitsu,50,false,
催促,さいそく,"요구하다, 촉구하다(행동), 압력을 가하다",saisoku,60,true,DAY 040
採点,さいてん,"마킹, 그레이딩",saiten,50,false,
災難,さいなん,"재난, 불행",sainan,50,false,
裁縫,さいほう,재봉,saihou,50,false,
材木,ざいもく,재목,zaimoku,50,false,
サイレン,サイレン,사이렌,sairen,50,false,
逆さ,さかさ,거꾸로,sakasa,50,false,
逆様,さかさま,거꾸로,sakasama,50,false,
捜す,さがす,"검색하다, 찾다",sagasu,50,false,
遡る,さかのぼる,"돌아가다, 다시 데이트하다, 오르다",sakanoboru,60,true,DAY 041
酒場,さかば,"바, 바룸",sakaba,50,false,
一昨昨日,さきおととい,"어제 이틀 전, 사흘 전",sakiototoi,50,false,
先程,さきほど,조금 전에,sakihodo,50,false,
索引,さくいん,인덱스,sakuin,50,false,
作者,さくしゃ,"작가, 예술가",sakusha,50,false,
削除,さくじょ,"제거, 삭제",sakujo,50,false,
作成,さくせい,"창작, 준비, 만들다",sakusei,60,true,DAY 041
作製,さくせい,"제조, 생산",sakusei_2,50,false,
探る,さぐる,"수색하다, 찾다, 조사하다",saguru,60,true,DAY 041
囁く,ささやく,"속삭이다, 중얼거리다",sasayaku,50,false,
刺さる,ささる,달라붙다,sasaru,50,false,
匙,さじ,숟가락,saji,50,false,
座敷,ざしき,다다미방,zashiki,50,false,
差し支え,さしつかえ,"방해, 장애",sashitsukae,50,false,
差し引き,さしひき,"공제, 잔액",sashihiki,50,false,
刺身,さしみ,회,sashimi,50,false,
刺す,さす,찌르다,sasu,60,true,DAY 041
流石,さすが,"정말로, 예상했던 대로",sasuga,50,false,
撮影,さつえい,촬영,satsuei,60,true,DAY 041
雑音,ざつおん,"소음(삐걱거리는 소리, 삐걱거리는 소리)",zatsuon,50,false,
さっさと,さっさと,빠르게,sassato,50,false,
早速,さっそく,즉시,sassoku,60,false,
錆,さび,녹(색상),sabi,50,false,
錆びる,さびる,"녹이 슬다, 녹슬게 되다",sabiru,50,false,
座布団,ざぶとん,쿠션(일본어),zabuton,50,false,
妨げる,さまたげる,방해하다,samatageru,60,false,
さようなら,さようなら,안녕히 가세요,sayounara,50,false,
サラリーマン,サラリーマン,"샐러리맨, 회사 직원",sarariiman,50,false,
騒がしい,さわがしい,시끄러운,sawagashii,50,false,
さわやか,さわやか,"신선하다, 상쾌하다",sawayaka,50,false,
三角,さんかく,삼각형,sankaku,50,false,
算数,さんすう,산수,sansuu,50,false,
酸性,さんせい,산성도 산성,sansei,50,false,
産地,さんち,생산지,sanchi,50,false,
サンプル,サンプル,견본,sanpuru,50,false,
山林,さんりん,산림,sanrin,50,false,
シーズン,シーズン,시즌 (스포츠),shiizun,50,false,
シーツ,シーツ,시트,shiitsu,50,false,
仕上がる,しあがる,끝나다,shiagaru,50,false,
明明後日,しあさって,내일 이틀 뒤,shiasatte,50,false,
寺院,じいん,절,jiin,50,false,
しいんと (する),しいんと (する),"침묵(무덤처럼), (죽음처럼) 조용함",shiinto_(suru),50,false,
自衛,じえい,자기 방어,jiei,50,false,
塩辛,しおから,짠맛 (맛),shiokara,50,false,
塩辛い,しおからい,짠맛 (맛),shiokarai,50,false,
司会,しかい,"사회자, 의장",shikai,60,false,
しかく しかくい,しかく しかくい,정사각형,shikaku_shikakui,50,false,
四角い,しかくい,정사각형,shikakui,50,false,
仕方がない,しかたがない,"어쩔 수 없지, 피할 수 없는 일이야",shikataganai,50,false,
時間割,じかんわり,"시간표, 일정",jikanwari,50,false,
四季,しき,사계절,shiki,50,false,
敷地,しきち,대지,shikichi,50,false,
敷く,しく,펼치다,shiku,50,false,
茂る,しげる,두꺼워지다,shigeru,50,false,
持参,じさん,"가져오다, 가져가다, 운반하다",jisan,60,false,
磁石,じしゃく,자석,jishaku,50,false,
四捨五入,ししゃごにゅう,반올림 (분수),shishagonyuu,50,false,
始終,しじゅう,"지속적으로, 항상, 끊임없이",shijuu,50,false,
自習,じしゅう,자율 학습,jishuu,60,false,
静まる,しずまる,진정시키다,shizumaru,50,false,
姿勢,しせい,"태도, 자세",shisei,60,false,
自然科学,しぜんかがく,자연과학,shizenkagaku,50,false,
時速,じそく,속도(시간당),jisoku,50,false,
子孫,しそん,"후손, 자손",shison,50,false,
死体,したい,시체,shitai,50,false,
下書き,したがき,초안,shitagaki,60,false,
自宅,じたく,자기 집(自分の家(じぶんのいえ)과 동일),jitaku,60,false,
下町,したまち,도시의 오래된 부분,shitamachi,50,false,
自治,じち,자치,jichi,50,false,
室～,しつ～,방,shitsu～,50,false,
実感,じっかん,"실감, 체감",jikkan,60,false,
湿気,しっき,습기,shikki,60,false,
しつこい,しつこい,"끈질긴, 완고한",shitsukoi,50,false,
実習,じっしゅう,"연습, 훈련",jisshuu,60,false,
実績,じっせき,"성과, 실제 결과",jisseki,60,false,
湿度,しつど,습도 수준,shitsudo,60,false,
執筆,しっぴつ,글쓰기,shippitsu,50,false,
実物,じつぶつ,실제적인 것,jitsubutsu,50,false,
しっぽ,しっぽ,꼬리 (동물),shippo,50,false,
実用,じつよう,"실용성, 유용성",jitsuyou,60,false,
実力,じつりょく,"(실제) 능력, 진정한 강점, 장점, 효율성, 역량",jitsuryoku,60,false,
実例,じつれい,"예, 인스턴스",jitsurei,50,false,
しつれいしました (かん),しつれいしました (かん),죄송합니다.,shitsureishimashita_(kan),50,false,
失恋,しつれん,"상한 마음, 짝사랑",shitsuren,50,false,
指定,してい,"지정, 사양, 할당",shitei,60,false,
私鉄,してつ,민간 철도,shitetsu,50,false,
児童,じどう,"어린이, 청소년",jidou,60,false,
縛る,しばる,묶다,shibaru,60,false,
地盤,じばん,(그) 땅,jiban,50,false,
しびれる,しびれる,마비되다,shibireru,50,false,
紙幣,しへい,지폐,shihei,50,false,
しぼむ,しぼむ,"시들다, 오그라들다",shibomu,50,false,
萎む,しぼむ,"(꽃, 꿈 등이) 시들다, 시들다",shibomu_2,50,false,
絞る,しぼる,"누르다, 짜내다",shiboru,60,false,
縞,しま,줄무늬,shima,50,false,
地味,じみ,"평범하다, 단순하다, 차분하다",jimi,50,false,
しみじみ,しみじみ,"열심히, 깊게, 진심으로",shimijimi,50,false,
氏名,しめい,이름,shimei,60,false,
締切,しめきり,사선,shimekiri,50,false,
締め切り,しめきり,"마감, 종료",shimekiri_2,60,false,
締め切る,しめきる,"닫다, 취소하다",shimekiru,60,false,
しめた (かん),しめた (かん),"난 그걸 갖고 있어, 알았어",shimeta_(kan),50,false,
しめる,しめる,"젖다, 축축해지다",shimeru,50,false,
地面,じめん,"땅, 지표면",jimen,60,false,
ジャーナリスト,ジャーナリスト,기자,jaanarisuto,50,false,
社会科学,しゃかいかがく,사회 과학,shakaikagaku,50,false,
しゃがむ,しゃがむ,쪼그리고 앉다,shagamu,50,false,
蛇口,じゃぐち,"수도꼭지, 꼭지",jaguchi,50,false,
弱点,じゃくてん,약점,jakuten,50,false,
車庫,しゃこ,차고,shako,50,false,
車掌,しゃしょう,(열차) 차장,shashou,50,false,
写生,しゃせい,"사생, 스케치",shasei,60,false,
社説,しゃせつ,사설,shasetsu,50,false,
しゃっくり,しゃっくり,딸꾹질,shakkuri,50,false,
シャッター,シャッター,셔터,shattaa,50,false,
しゃぶる,しゃぶる,"빨다, 씹다",shaburu,50,false,
車輪,しゃりん,(자동차) 바퀴,sharin,50,false,
洒落,しゃれ,"농담, 말장난, 재치",share,50,false,
じゃんけん,じゃんけん,가위바위보 종이 게임,janken,50,false,
重～,じゅう～,무겁다 ～,juu～,50,false,
集会,しゅうかい,"회의, 집회",shuukai,50,false,
住居,じゅうきょ,"거주지, 집, 주소",juukyo,50,false,
集金,しゅうきん,돈 수집,shuukin,50,false,
集合,しゅうごう,"모임, 집회",shuugou,60,false,
習字,しゅうじ,서법,shuuji,50,false,
修繕,しゅうぜん,"수리, 수선",shuuzen,50,false,
重体,じゅうたい,심각한 상태,juutai,50,false,
じゅうたん (カーペット),じゅうたん (カーペット),양탄자,juutan_(kaapetto),50,false,
終点,しゅうてん,"종착역, 종착역(예: 기차)",shuuten,60,false,
重点,じゅうてん,"중요한 점, 강조하다",juuten,50,false,
就任,しゅうにん,취임식,shuunin,50,false,
周辺,しゅうへん,"원주, 주변",shuuhen,60,false,
重役,じゅうやく,"이사, 고위 간부",juuyaku,60,false,
終了,しゅうりょう,종료,shuuryou,60,false,
重量,じゅうりょう,헤비급 선수,juuryou,50,false,
重力,じゅうりょく,중력,juuryoku,50,false,
熟語,じゅくご,"관용어, 한자 합성어",jukugo,50,false,
祝日,しゅくじつ,공휴일,shukujitsu,60,false,
縮小,しゅくしょう,"감소, 축소",shukushou,60,false,
受験,じゅけん,시험을 치르다,juken,60,false,
主語,しゅご,(그램) 주제,shugo,50,false,
主人,しゅじん,(자신의) 남편,shujin,50,false,
出勤,しゅっきん,출근하다,shukkin,60,false,
述語,じゅつご,술부,jutsugo,50,false,
出張,しゅっちょう,"공식 투어, 출장",shutchou,60,false,
寿命,じゅみょう,수명,jumyou,60,false,
主役,しゅやく,주요 부분,shuyaku,50,false,
受話器,じゅわき,(전화) 수화기,juwaki,50,false,
循環,じゅんかん,"순환, 회전, 주기",junkan,60,false,
巡査,じゅんさ,경관,junsa,50,false,
順々,じゅんじゅん,순서대로,junjun,50,false,
順序,じゅんじょ,"순서, 절차",junjo,60,false,
純情,じゅんじょう,순수한 마음,junjou,50,false,
純粋,じゅんすい,"순수한, 진실한, 섞이지 않은",junsui,60,false,
初～,しょ～,먼저 ～,sho～,50,false,
諸～,しょ～,다양한 ～,sho～_2,60,false,
女～,じょ～,여자가 하는 일,jo～,60,false,
省～,しょう～,～을 절약하다,shou～,50,false,
消化,しょうか,소화,shouka,60,false,
小学生,しょうがくせい,초등학생,shougakusei,60,false,
しょうがない,しょうがない,가치가 없어 ～,shouganai,50,false,
将棋,しょうぎ,일본 체스,shougi,50,false,
蒸気,じょうき,증기,jouki,50,false,
定規,じょうぎ,(측정) 자,jougi,50,false,
上級,じょうきゅう,"고급, 상급",joukyuu,50,false,
商業,しょうぎょう,"상업, 무역, 사업",shougyou,60,false,
消極的,しょうきょくてき,수동적인,shoukyokuteki,60,false,
賞金,しょうきん,"상금, 금전적 보상",shoukin,50,false,
上下,じょうげ,"높고 낮음, 위 아래",jouge,60,false,
障子,しょうじ,종이 미닫이 문,shouji,50,false,
商社,しょうしゃ,무역 회사,shousha,50,false,
乗車,じょうしゃ,"기차를 타다, 연행하다",jousha,60,false,
上旬,じょうじゅん,매월 첫 10일,joujun,50,false,
小数,しょうすう,"분수(부분), 소수",shousuu,50,false,
生ずる,しょうずる,발생시키다,shouzuru,50,false,
商店,しょうてん,"상점, 회사",shouten,50,false,
焦点,しょうてん,"초점, 포인트",shouten_2,60,false,
消毒,しょうどく,소독,shoudoku,50,false,
勝敗,しょうはい,"승리 또는 패배, 문제 (전투의)",shouhai,60,false,
蒸発,じょうはつ,"증발, 설명할 수 없는 실종",jouhatsu,60,false,
賞品,しょうひん,"상금, 트로피",shouhin,60,false,
上品,じょうひん,"세련된, 우아한, 예의바른",jouhin,60,false,
勝負,しょうぶ,"승리 또는 패배, 게임",shoubu,50,false,
小便,しょうべん,"(col) 소변, 오줌",shouben,50,false,
消防署,しょうぼうしょ,소방서,shoubousho,50,false,
正味,しょうみ,순(중량),shoumi,50,false,
正面,しょうめん,앞쪽,shoumen,60,false,
消耗,しょうもう,"피로, 소비",shoumou,60,false,
省略,しょうりゃく,"생략, 약어, 요약",shouryaku,60,false,
初級,しょきゅう,초등 수준,shokyuu,50,false,
助教授,じょきょうじゅ,조교수,jokyouju,50,false,
食塩,しょくえん,식탁용 소금,shokuen,50,false,
職人,しょくにん,장인,shokunin,60,false,
職場,しょくば,직장,shokuba,60,false,
初旬,しょじゅん,매월 첫 10일,shojun,50,false,
書籍,しょせき,"책, 출판",shoseki,50,false,
食器,しょっき,식기,shokki,60,false,
ショップ,ショップ,가게,shoppu,50,false,
書店,しょてん,서점,shoten,60,false,
書道,しょどう,달필,shodou,50,false,
初歩,しょほ,"초보, 기초",shoho,50,false,
白髪,しらが,"흰색 또는 회색 머리, 트렌디한 모발 탈색",shiraga,50,false,
シリーズ,シリーズ,시리즈,shiriizu,50,false,
知り合い,しりあい,아는 사람,shiriai,60,false,
私立,しりつ,사설),shiritsu,50,false,
資料,しりょう,"재료, 데이터",shiryou,60,false,
汁,しる,"주스, 수프",shiru,50,false,
素人,しろうと,"평신도, 아마추어, 초보자",shirouto,60,false,
しわ (かおの～),しわ (かおの～),주름,shiwa_(kaono～),50,false,
芯,しん,"코어, 하트, 심지",shin,60,false,
新幹線,しんかんせん,신칸센 '신칸센',shinkansen,60,false,
真空,しんくう,진공,shinkuu,50,false,
人事,じんじ,"인사, 인사관리",jinji,50,false,
心身,しんしん,마음과 몸,shinshin,50,false,
信ずる,しんずる,믿다,shinzuru,50,false,
申請,しんせい,"신청, 요청, 청원",shinsei,60,false,
人造,じんぞう,"인공의, 합성의",jinzou,50,false,
寝台,しんだい,침대,shindai,50,false,
診断,しんだん,진단,shindan,50,false,
侵入,しんにゅう,"침입, 습격, 무단 침입",shinnyuu,50,false,
人文科学,じんぶんかがく,"사회과학, 인문학",jinbunkagaku,50,false,
人命,じんめい,(인간) 생명,jinmei,50,false,
深夜,しんや,늦은 밤,shinya,50,false,
森林,しんりん,숲,shinrin,60,false,
親類,しんるい,친척(親戚(しんせki)와 동일),shinrui,50,false,
針路,しんろ,"코스, 방향",shinro,50,false,
神話,しんわ,"신화, 전설",shinwa,50,false,
酢,す,식초,su,50,false,
水産,すいさん,수산물,suisan,50,false,
炊事,すいじ,요리,suiji,50,false,
水蒸気,すいじょうき,"수증기, 증기",suijouki,50,false,
水素,すいそ,수소,suiso,50,false,
垂直,すいちょく,수직,suichoku,60,false,
推定,すいてい,"추정, 가정",suitei,50,false,
水滴,すいてき,물방울,suiteki,50,false,
水筒,すいとう,"매점, 플라스크, 물병",suitou,50,false,
随筆,ずいひつ,"에세이, 각종 저서",zuihitsu,50,false,
水分,すいぶん,수분,suibun,60,false,
水平,すいへい,"레벨, 수평",suihei,60,false,
水平線,すいへいせん,수평선,suiheisen,50,false,
水面,すいめん,물의 표면,suimen,60,false,
水曜,すいよう,수요일,suiyou,50,false,
図々しい,ずうずうしい,뻔뻔한,zuuzuushii,50,false,
ずうっと,ずうっと,"항상, 끝까지",zuutto,50,false,
末っ子,すえっこ,막내,suekko,50,false,
スカーフ,スカーフ,스카프,sukaafu,50,false,
図鑑,ずかん,도감,zukan,50,false,
隙,すき,"방심하지 않은 순간, 기회",suki,50,false,
杉,すぎ,삼나무,sugi,50,false,
好き嫌い,すききらい,"좋아하는 것과 싫어하는 것, 맛",sukikirai,60,false,
好き好き,すきずき,취향의 문제,sukizuki,50,false,
透き通る,すきとおる,투명해지다,sukitooru,50,false,
隙間,すきま,"균열, 틈",sukima,50,false,
スクール,スクール,학교,sukuuru,50,false,
少なくとも,すくなくとも,적어도,sukunakutomo,50,false,
図形,ずけい,수치,zukei,50,false,
鈴,すず,벨,suzu,50,false,
涼む,すずむ,몸을 식히다,suzumu,50,false,
スタート,スタート,시작,sutaato,50,false,
スチュワーデス,スチュワーデス,스튜어디스,suchuwaadesu,50,false,
すっきり,すっきり,"매끈한, 맑고, 깔끔한",sukkiri,50,false,
ステージ,ステージ,"단계, 성능",suteeji,50,false,
ストッキング,ストッキング,스타킹,sutokkingu,50,false,
ストップ,ストップ,멈추다,sutoppu,50,false,
素直,すなお,"순종적인, 온유한, 유순한",sunao,60,false,
頭脳,ずのう,"머리, 두뇌, 지성",zunou,60,false,
スピーカー,スピーカー,스피커,supiikaa,50,false,
図表,ずひょう,"차트, 도표, 그래프",zuhyou,60,false,
スマート,スマート,"똑똑하다, 스타일리시하다, 날씬하다",sumaato,50,false,
住まい,すまい,주택,sumai,60,false,
すまない,すまない,죄송합니다 (문구),sumanai,50,false,
相撲,すもう,스모 레슬링,sumou,50,false,
スライド,スライド,슬라이드,suraido,50,false,
ずらす,ずらす,"연기하다, 지연시키다",zurasu,50,false,
ずらり,ずらり,줄줄이,zurari,50,false,
スリッパ,スリッパ,슬리퍼,surippa,60,false,
する,する,인쇄하다,suru,60,false,
狡い,ずるい,교활한,zurui,50,false,
寸法,すんぽう,"측정, 크기, 차원",sunpou,50,false,
姓,せい,성,sei,50,false,
税関,ぜいかん,세관,zeikan,60,false,
製作,せいさく,"제조, 생산",seisaku,60,false,
制作,せいさく,"작품(예: 영화, 책)",seisaku_2,60,false,
性質,せいしつ,"성격, 재산, 처분",seishitsu,60,false,
清書,せいしょ,깨끗한 사본,seisho,50,false,
青少年,せいしょうねん,"젊음, 젊은 사람",seishounen,50,false,
整数,せいすう,정수,seisuu,50,false,
清掃,せいそう,청소,seisou,60,false,
生存,せいぞん,"존재, 생존",seizon,50,false,
生長,せいちょう,(식물의) 성장,seichou,50,false,
政党,せいとう,(당원) 정당,seitou,60,false,
生年月日,せいねんがっぴ,생일,seinengappi,50,false,
性能,せいのう,능력,seinou,60,false,
整備,せいび,"유지 보수, 정밀 검사",seibi,60,false,
成分,せいぶん,성분,seibun,60,false,
性別,せいべつ,성별,seibetsu,60,false,
正方形,せいほうけい,정사각형,seihoukei,50,false,
正門,せいもん,정문,seimon,60,false,
成立,せいりつ,"형성, 설립, 완성",seiritsu,60,false,
西暦,せいれき,"기독교 시대, (그리스도의) 죽음 이후(A.D.)",seireki,50,false,
背負う,せおう,"부담을 느끼다, 등이나 어깨를 짊어지다",seou,60,false,
赤道,せきどう,적도,sekidou,50,false,
折角,せっかく,"수고하고, 애쓰고, 오랫동안 기다려온",sekkaku,50,false,
接近,せっきん,가까워지다,sekkin,50,false,
接する,せっする,"(누군가)에게 참석하다, ～와 연합하다",sessuru,60,false,
せっせと,せっせと,"바쁘게, 떨어져",sesseto,50,false,
接続,せつぞく,"연결, 결합, 링크, 열차를 갈아타다",setsuzoku,60,false,
瀬戸物,せともの,"토기, 그릇, 중국",setomono,50,false,
ぜひとも,ぜひとも,꼭 (답을 '아니오'로 받아들이지 않는다는 의미에서),zehitomo,50,false,
迫る,せまる,"가까이 다가가다, 누르다",semaru,50,false,
ゼミ,ゼミ,세미나,zemi,50,false,
せめて,せめて,적어도,semete,60,false,
攻める,せめる,"공격하다, 폭행하다",semeru,50,false,
セメント,セメント,시멘트,semento,50,false,
台詞,せりふ,"말, 대사, 발언",serifu,50,false,
栓,せん,"마개, 코르크",sen,50,false,
前～,ぜん～,"이전, 늦은 ～, 과거 ～",zen～,60,false,
前後,ぜんご,"앞과 뒤, 전후",zengo,60,false,
洗剤,せんざい,"세제, 클렌저, 세척제, 세탁재료",senzai,60,false,
全集,ぜんしゅう,완전한 작품,zenshuu,50,false,
全身,ぜんしん,"전체(신체), 전체 길이(예: 세로) 전신",zenshin,60,false,
扇子,せんす,부채,sensu,50,false,
専制,せんせい,"전제정치, 독재정치",sensei,50,false,
先々月,せんせんげつ,지난 한 달 전,sensengetsu,50,false,
先々週,せんせんしゅう,2주 전,sensenshuu,50,false,
先祖,せんぞ,선조,senzo,50,false,
先端,せんたん,끝이 뾰족하다,sentan,60,false,
センチ,センチ,센티미터,senchi,50,false,
宣伝,せんでん,"홍보, 광고, 선전",senden,60,false,
先頭,せんとう,"맨 앞, 선두",sentou,50,false,
全般,ぜんぱん,"전반, 전체적인 범위",zenpan,60,false,
扇風機,せんぷうき,선풍기,senpuuki,50,false,
洗面,せんめん,"세면, 세수",senmen,50,false,
全力,ぜんりょく,"자신의 모든 힘, 온 힘을 다해",zenryoku,60,false,
線路,せんろ,"선, 선로, 노반",senro,60,false,
総～,そう～,"총체적, 일반, 전체",sou～,60,false,
相違,そうい,"차이점, 불일치, 변형",soui,60,false,
そういえば,そういえば,그러고 보니,souieba,60,false,
雑巾,ぞうきん,"집수건, 먼지걸레",zoukin,50,false,
増減,ぞうげん,"증가 및 감소, 변동",zougen,60,false,
倉庫,そうこ,창고,souko,60,false,
相互,そうご,상호적인,sougo,60,false,
創作,そうさく,"생산, 창조, 일",sousaku,60,false,
葬式,そうしき,장례식,soushiki,50,false,
造船,ぞうせん,조선,zousen,50,false,
騒々しい,そうぞうしい,"시끄러운, 떠들썩한",souzoushii,50,false,
増大,ぞうだい,"증가, 성장",zoudai,60,false,
そうっと,そうっと,"부드럽게, 조심스럽게",soutto,50,false,
送別,そうべつ,"작별 인사, 송별",soubetsu,50,false,
草履,ぞうり,일본식 샌들(신발),zouri,50,false,
総理大臣,そうりだいじん,총리,souridaijin,50,false,
送料,そうりょう,"우편요금, 운송료",souryou,60,false,
属する,ぞくする,속하다,zokusuru,60,false,
続々,ぞくぞく,"차례로, 차례대로",zokuzoku,50,false,
速達,そくたつ,"특급, 특별 배송",sokutatsu,60,false,
測定,そくてい,측정,sokutei,60,false,
測量,そくりょう,"측정, 측량",sokuryou,50,false,
速力,そくりょく,속도,sokuryoku,50,false,
素質,そしつ,"재능, 능력",soshitsu,60,false,
祖先,そせん,부조),sosen,50,false,
そそっかしい,そそっかしい,"부주의한, 생각이 없는",sosokkashii,50,false,
卒直,そっちょく,솔직한,sotchoku,50,false,
率直,そっちょく,"솔직하다, 개방적이다, 직접적이다",sotchoku_2,60,false,
そのころ,そのころ,그때,sonokoro,50,false,
そのため,そのため,"그러므로, 그런 이유로",sonotame,50,false,
その他,そのほか,"그 밖에, 기타",sonohoka,50,false,
そば,そば,소바(메밀국수),soba,50,false,
剃る,そる,면도하다,soru,50,false,
それなのに,それなのに,그래도,sorenanoni,60,false,
それなら,それなら,그렇다면...,sorenara,60,false,
それはいけませんね (かん),それはいけませんね (かん),그건 좋지 않아,sorehaikemasenne_(kan),50,false,
逸れる,それる,"주제에서 벗어나다(방향을 바꾸다), 길을 잃다",soreru,50,false,
揃える,そろえる,"모으다, 완성하다(수집물)를 정리하다, 정리하다, 준비하다, 유니폼을 만들 준비를 하다, 고르게 하다, 일치시키다",soroeru,60,false,
算盤,そろばん,주판,soroban,50,false,
存じる,ぞんじる,(겸손하게) 알고 있다,zonjiru,50,false,
存ずる,ぞんずる,(겸손하게) 알고 있다,zonzuru,50,false,
損得,そんとく,"손실과 이득, 장점과 단점",sontoku,50,false,
第～,だい～,～일,dai～,50,false,
タイア,タイア,타이어,taia,50,false,
だいいち (とりわけ),だいいち (とりわけ),"우선, &nbsp, #1",daiichi_(toriwake),50,false,
大学院,だいがくいん,대학원,daigakuin,60,false,
大工,だいく,목수,daiku,50,false,
体系,たいけい,"시스템, 조직",taikei,50,false,
太鼓,たいこ,"드럼, 탬버린",taiko,50,false,
対策,たいさく,대책,taisaku,60,false,
大して,たいして,(별로) 별로,taishite,50,false,
対照,たいしょう,"대조, 비교",taishou,50,false,
大小,だいしょう,크기,daishou,60,false,
体制,たいせい,"질서, 시스템, 구조",taisei,60,false,
体積,たいせき,"체적, 부피",taiseki,50,false,
大層,たいそう,"매우, 크게",taisou,50,false,
体操,たいそう,"체조, 신체 운동, 미용 체조",taisou_2,60,false,
大分,だいぶん,"상당히, 크게, 많이",daibun,60,false,
大木,たいぼく,큰 나무,taiboku,50,false,
題名,だいめい,"제목, 캡션, 표제",daimei,60,false,
代名詞,だいめいし,대명사,daimeishi,50,false,
ダイヤグラム,ダイヤグラム,도표,daiyaguramu,50,false,
ダイヤモンド,ダイヤモンド,다이아몬드,daiyamondo,50,false,
ダイヤル,ダイヤル,다이얼,daiyaru,50,false,
対立,たいりつ,"대결, 반대, 반목",tairitsu,60,false,
田植え,たうえ,모내기,taue,50,false,
絶えず,たえず,끊임없이,taezu,50,false,
楕円,だえん,타원,daen,50,false,
高める,たかめる,"높이다, 끌어올리다, 향상시키다",takameru,60,false,
耕す,たがやす,경작하다,tagayasu,50,false,
滝,たき,폭포,taki,60,false,
蓄える,たくわえる,"저장하다, 보관하다, 재고로 두다",takuwaeru,60,false,
竹,たけ,대나무,take,50,false,
ただいま,ただいま,"여기 있어요, 집에 왔어요!",tadaima,50,false,
但し,ただし,그러나 그러나,tadashi,50,false,
畳む,たたむ,"접다 (예: 옷, 우산)",tatamu,60,false,
立ち止まる,たちどまる,"멈추다, 가만히 서다",tachidomaru,60,false,
たちまち,たちまち,"즉시, 갑자기, 한꺼번에",tachimachi,50,false,
建つ,たつ,"건립되다, 건설되다",tatsu,50,false,
脱線,だっせん,"탈선, 이탈",dassen,50,false,
妥当,だとう,적절한,datou,60,false,
例える,たとえる,"비교하다, 비유하다",tatoeru,50,false,
頼もしい,たのもしい,"신뢰할 수 있는, 유망한",tanomoshii,60,false,
足袋,たび,"버선, 일본식 양말(발가락이 갈라진 것)",tabi,50,false,
ダブル,ダブル,더블,daburu,50,false,
ダム,ダム,댐,damu,50,false,
溜息,ためいき,한숨,tameiki,50,false,
ためらう,ためらう,주저하다,tamerau,50,false,
だらしない,だらしない,"지저분한, 느슨한, 창녀",darashinai,50,false,
足る,たる,충분하다,taru,50,false,
短～,たん～,짧다 ～,tan～,50,false,
段階,だんかい,"그라데이션, 등급, 스테이지",dankai,60,false,
短期,たんき,단기,tanki,50,false,
炭鉱,たんこう,"탄광, 석탄 구덩이",tankou,50,false,
短所,たんしょ,"결함, 약점, 불리",tansho,50,false,
たんす,たんす,서랍장,tansu,50,false,
淡水,たんすい,민물,tansui,50,false,
断水,だんすい,단수,dansui,50,false,
単数,たんすう,단수(숫자),tansuu,50,false,
団地,だんち,주택단지,danchi,50,false,
断定,だんてい,"결론, 결정",dantei,50,false,
短編,たんぺん,"단편(예: 소설, 영화)",tanpen,50,false,
田ぼ,たんぼ,"논, 농장",tanbo,50,false,
誓う,ちかう,맹세하다,chikau,50,false,
地下水,ちかすい,지하수,chikasui,50,false,
近々,ちかぢか,"곧, 머지않아",chikajika,50,false,
近付ける,ちかづける,가까이 가다,chikazukeru,50,false,
近寄る,ちかよる,"접근하다, 가까이 다가가다",chikayoru,50,false,
力強い,ちからづよい,"강력한, 강한, 활발한",chikarazuyoi,60,false,
ちぎる,ちぎる,"잘게 자르다, (과일을) 따다",chigiru,50,false,
地質,ちしつ,지질학적 특징,chishitsu,50,false,
知人,ちじん,"친구, 지인",chijin,50,false,
地帯,ちたい,"지역, 구역",chitai,60,false,
縮む,ちぢむ,"수축하다, 위축되다",chijimu,60,false,
縮める,ちぢめる,"단축하다, 축소하다",chijimeru,60,false,
縮れる,ちぢれる,"물결 모양이 되다, 구불구불해지다",chijireru,50,false,
チップ,チップ,"팁, 칩",chippu,50,false,
地点,ちてん,"사이트, 지도에 점을 찍다",chiten,60,false,
地名,ちめい,지명,chimei,50,false,
茶色い,ちゃいろい,갈색,chairoi,50,false,
着々,ちゃくちゃく,꾸준히,chakuchaku,50,false,
中間,ちゅうかん,중간,chuukan,60,false,
中旬,ちゅうじゅん,매월 둘째/삼분의 일,chuujun,60,false,
抽象,ちゅうしょう,추상적인,chuushou,60,false,
中世,ちゅうせい,중세 시대,chuusei,50,false,
中性,ちゅうせい,"중성, 중립",chuusei_2,50,false,
中途,ちゅうと,"중간에, 반쯤",chuuto,50,false,
中年,ちゅうねん,중년의,chuunen,50,false,
チョーク,チョーク,분필,chooku,50,false,
長～,ちょう～,길다 ～,chou～,50,false,
超過,ちょうか,"과잉, 그 이상",chouka,50,false,
彫刻,ちょうこく,조각하다,choukoku,60,false,
長所,ちょうしょ,"장점, 이점",chousho,60,false,
長女,ちょうじょ,큰 딸,choujo,50,false,
調整,ちょうせい,"규제, 조정, 튜닝",chousei,60,false,
調節,ちょうせつ,"규제, 조정, 통제",chousetsu,60,false,
長短,ちょうたん,"길이, 길고 짧음, +-",choutan,50,false,
頂点,ちょうてん,정상,chouten,50,false,
長男,ちょうなん,장남,chounan,50,false,
長方形,ちょうほうけい,직사각형,chouhoukei,60,false,
調味料,ちょうみりょう,조미료,choumiryou,60,false,
直後,ちょくご,바로 다음,chokugo,60,false,
直線,ちょくせん,일직선,chokusen,50,false,
直前,ちょくぜん,직전에,chokuzen,60,false,
直通,ちょくつう,직접 연결,chokutsuu,50,false,
直流,ちょくりゅう,직류,chokuryuu,50,false,
貯蔵,ちょぞう,"저장, 보존",chozou,50,false,
直角,ちょっかく,직각,chokkaku,50,false,
直径,ちょっけい,지름,chokkei,50,false,
散らかす,ちらかす,"흩어지게 하다, 어수선하게 방치하다",chirakasu,60,false,
散らかる,ちらかる,무질서하다,chirakaru,50,false,
塵紙,ちりがみ,"티슈 페이퍼, 화장지",chirigami,50,false,
追加,ついか,"추가, 보충, 부록",tsuika,60,false,
ついで,ついで,기회,tsuide,50,false,
つうか,つうか,통화,tsuuka,50,false,
通勤,つうきん,직장으로 통근,tsuukin,60,false,
通ずる,つうずる,"이끌다, 달리다, 열다",tsuuzuru,50,false,
通知,つうち,통지,tsuuchi,70,true,DAY 002
通帳,つうちょう,은행 통장,tsuuchou,50,false,
通訳,つうやく,"통역(즉, 구두 번역) 통역사",tsuuyaku,60,false,
通用,つうよう,"대중적인 사용, 유통",tsuuyou,60,false,
通路,つうろ,통로,tsuuro,60,false,
突き当たり,つきあたり,끝(예: 거리),tsukiatari,50,false,
突き当たる,つきあたる,"부딪히다, 충돌하다",tsukiataru,50,false,
月日,つきひ,"시간, 년, 일",tsukihi,50,false,
次ぐ,つぐ,"따르다, 뒤따라오다, 다음에 오다(～에)",tsugu,50,false,
伝わる,つたわる,"(소문, 뉴스 등을) 퍼뜨리다, 여행하다, 유포하다, 돌아다니다, 전달하다, 알려지다",tsutawaru,60,false,
突っ込む,つっこむ,"뛰어들다, 푹 빠져들다",tsukkomu,50,false,
務める,つとめる,"봉사하다, 행동하다",tsutomeru,50,false,
努める,つとめる,"시도하다, 목표로 삼다",tsutomeru_2,60,false,
綱,つな,로프,tsuna,50,false,
繋がり,つながり,"연결, 링크, 관계",tsunagari,50,false,
繋がる,つながる,연결되다,tsunagaru,60,false,
粒,つぶ,곡물,tsubu,50,false,
潰す,つぶす,"부수다, 낭비하다",tsubusu,60,false,
潰れる,つぶれる,"박살나다, 파산하다",tsubureru,50,false,
つまずく,つまずく,넘어지다,tsumazuku,50,false,
躓く,つまずく,"넘어지다(넘어지다), 걸려 넘어지다",tsumazuku_2,50,false,
詰まる,つまる,봉쇄하다,tsumaru,50,false,
積む,つむ,쌓다,tsumu,60,false,
爪,つめ,손톱이나 발톱,tsume,50,false,
艶,つや,"광택, 유약",tsuya,50,false,
強気,つよき,"확고한, 강한",tsuyoki,60,false,
釣り合う,つりあう,"균형을 이루다, 조화를 이루다",tsuriau,50,false,
吊る,つる,매달다,tsuru,50,false,
吊す,つるす,매달다,tsurusu,50,false,
テーマ,テーマ,"테마, 프로젝트, 주제(GER: Thema)",teema,50,false,
手洗い,てあらい,화장실,tearai,50,false,
低～,てい～,낮음 ～,tei～,50,false,
定員,ていいん,"고정된 정규 직원 수, 수용 능력(예: 보트)",teiin,60,false,
定価,ていか,확립된 가격,teika,60,false,
低下,ていか,"떨어지다, 쇠퇴하다",teika_2,60,false,
定期券,ていきけん,정기권,teikiken,50,false,
定休日,ていきゅうび,정기휴일,teikyuubi,50,false,
停止,ていし,"중단, 중지",teishi,60,false,
停車,ていしゃ,정차(예: 기차),teisha,60,false,
停電,ていでん,정전,teiden,60,false,
出入り,でいり,들어오고 나가고,deiri,50,false,
出入口,でいりぐち,출구와 입구,deiriguchi,50,false,
出入り口,でいりぐち,출구와 입구,deiriguchi_2,50,false,
手入れ,ていれ,"수리, 유지 보수",teire,60,false,
出来上がり,できあがり,"끝나다, 준비되다",dekiagari,50,false,
出来上がる,できあがる,"마치다, 준비하다",dekiagaru,60,false,
的確,てきかく,정확하다,tekikaku,60,false,
適確,てきかく,정확하다,tekikaku_2,50,false,
手首,てくび,손목,tekubi,50,false,
凸凹,でこぼこ,"불균일, 거칠기",dekoboko,50,false,
手頃,てごろ,"보통, 편리한",tegoro,60,false,
手ごろ,てごろ,"편리하다, 적합하다, 합리적이다, 적당하다",tegoro_2,50,false,
弟子,でし,"학생, 제자, 견습생",deshi,50,false,
でたらめ,でたらめ,"무책임한 발언, 넌센스, 무작위의",detarame,50,false,
手帳,てちょう,공책,techou,60,false,
鉄橋,てっきょう,철교,tekkyou,50,false,
手続き,てつづき,"절차, (법적) 절차",tetsuzuki,60,false,
鉄砲,てっぽう,총,teppou,50,false,
テニスコート,テニスコート,테니스 코트,tenisukooto,50,false,
手拭い,てぬぐい,(손) 수건,tenugui,50,false,
手前,てまえ,전에는 이쪽,temae,60,false,
出迎え,でむかえ,"회의, 리셉션",demukae,50,false,
出迎える,でむかえる,"만나다, 인사하다",demukaeru,50,false,
照らす,てらす,비추다,terasu,50,false,
照る,てる,빛나다,teru,50,false,
展開,てんかい,"개발, 확장(압축의 반대)",tenkai,50,false,
伝記,でんき,"전기, 인생 이야기",denki,50,false,
電球,でんきゅう,전구,denkyuu,60,false,
点数,てんすう,점수,tensuu,50,false,
伝染,でんせん,전염병,densen,60,false,
電池,でんち,배터리,denchi,60,false,
電柱,でんちゅう,"전신주, 전주",denchuu,50,false,
点々,てんてん,여기 저기 조금씩,tenten,50,false,
転々,てんてん,하나에서 다른 것으로,tenten_2,50,false,
天皇,てんのう,일본의 천황,tennou,50,false,
電波,でんぱ,전자기파,denpa,60,false,
テンポ,テンポ,속도,tenpo,50,false,
電流,でんりゅう,전류,denryuu,50,false,
電力,でんりょく,전력,denryoku,50,false,
問い合わせ,といあわせ,문의,toiawase,60,false,
銅,どう,구리,dou,50,false,
同～,どう～,같은 ～,dou～,50,false,
どういたしまして (かん),どういたしまして (かん),"천만에요, 언급하지 마세요",douitashimashite_(kan),50,false,
統一,とういつ,"단결, 강화, 통일",touitsu,60,false,
同格,どうかく,"같은 계급, 평등, 동격",doukaku,50,false,
峠,とうげ,"능선, (산)고개, 어려운 부분",touge,50,false,
統計,とうけい,통계,toukei,60,false,
動作,どうさ,"행동, 움직임, 동작",dousa,60,false,
東西,とうざい,"동부와 서부, 전국",touzai,50,false,
当日,とうじつ,"정해진 날, 바로 그 날",toujitsu,60,false,
投書,とうしょ,"편집자에게 보내는 편지, 독자의 편지, 기고",tousho,50,false,
登場,とうじょう,입장 (무대 위),toujou,60,false,
どうせ,どうせ,어쨌든,douse,60,false,
灯台,とうだい,등대,toudai,50,false,
盗難,とうなん,"절도, 강도",tounan,50,false,
当番,とうばん,근무 중,touban,50,false,
等分,とうぶん,동등한 부분으로 나누기,toubun,50,false,
透明,とうめい,"투명성, 깨끗함",toumei,60,false,
灯油,とうゆ,등유,touyu,50,false,
東洋,とうよう,동양,touyou,50,false,
童話,どうわ,동화,douwa,50,false,
通り掛かる,とおりかかる,우연히 지나가다,toorikakaru,50,false,
溶かす,とかす,"녹다, 녹이다",tokasu,60,false,
尖る,とがる,"끝으로 가늘어지다, 날카로워지다",togaru,50,false,
どきどき,どきどき,"두근두근, 두드리다 (빠르게)",dokidoki,50,false,
特殊,とくしゅ,"특별한, 독특한",tokushu,60,false,
特色,とくしょく,특징,tokushoku,60,false,
特定,とくてい,"구체적인, 특별한",tokutei,60,false,
特売,とくばい,특별 판매,tokubai,50,false,
溶け込む,とけこむ,"녹아들다, ～의 일부가 되다",tokekomu,50,false,
溶ける,とける,"(자동사) 녹다, 해동하다, 용해시키다",tokeru,50,false,
退ける,どける,"쫓아내다, 방해가 되는 것을 없애다",dokeru,50,false,
床の間,とこのま,반침,tokonoma,50,false,
所々,ところどころ,"여기 저기, 어떤 부분",tokorodokoro,50,false,
都心,としん,(도시의) 마음,toshin,60,false,
戸棚,とだな,"찬장, 캐비닛",todana,50,false,
とっくに,とっくに,"오래 전에, 이미",tokkuni,60,false,
どっと,どっと,갑자기,dotto,50,false,
整う,ととのう,"준비하다, 정리하다",totonou,60,false,
留まる,とどまる,"고쳐질 것, (한 곳에) 머물다, 머물다",todomaru,50,false,
怒鳴る,どなる,소리 지르다,donaru,50,false,
殿,どの,아저씨 (주로 봉투에 적힌 사람에게 말을 할 때),dono,50,false,
飛び込む,とびこむ,뛰어들다,tobikomu,50,false,
留まる,とまる,"고쳐질 것, (한 곳에) 머물다, 머물다",tomaru,50,false,
泊める,とめる,"피난처를 제공하다, 숙박하다",tomeru,50,false,
ともかく,ともかく,어쨌든,tomokaku,50,false,
捕える,とらえる,"붙잡다, 체포하다",toraeru,50,false,
取り入れる,とりいれる,"수확하다, 받아들이다, 채택하다",toriireru,60,false,
取り消す,とりけす,취소하다,torikesu,50,false,
取り出す,とりだす,"꺼내다, 골라내다",toridasu,50,false,
採る,とる,"(조치, 제안)을 채택하다, (과일을) 따다",toru,50,false,
捕る,とる,"(물고기를) 잡다, 잡다",toru_2,50,false,
丼,どんぶり,"도자기 그릇, 밥 위에 음식을 얹은 그릇",donburi,50,false,
内科,ないか,내과,naika,50,false,
内線,ないせん,내선 번호,naisen,60,false,
ナイロン,ナイロン,나일론,nairon,50,false,
長～,なが～,길다 ～,naga～,50,false,
仲直り,なかなおり,화해하다,nakanaori,60,false,
長引く,ながびく,"연장하다, 끌다",nagabiku,50,false,
中身,なかみ,"내용물, 내장, 충전재",nakami,60,false,
中指,なかゆび,가운데 손가락,nakayubi,50,false,
仲良し,なかよし,"친밀한 친구, 가슴 친구",nakayoshi,50,false,
慰める,なぐさめる,위로하다,nagusameru,60,false,
殴る,なぐる,때리다,naguru,50,false,
為す,なす,"성취하다, ～을 하다",nasu,50,false,
謎謎,なぞなぞ,수수께끼,nazonazo,50,false,
傾らか,なだらか,"점진적인, 온화한",nadaraka,60,false,
懐かしい,なつかしい,"친애하는, 원하는, 놓친",natsukashii,60,false,
撫でる,なでる,"부드럽게 쓰다듬다, 쓰다듬다",naderu,60,false,
斜め,ななめ,"대각선, 비스듬한",naname,50,false,
なにしろ,なにしろ,어쨌든,nanishiro,50,false,
何しろ,なにしろ,"어쨌든, 뭐니 뭐니 해도",nanishiro_2,60,false,
何々,なになに,"뭐뭐, 무엇무엇",naninani,50,false,
何分,なにぶん,"아무쪼록, 부디",nanibun,50,false,
生意気,なまいき,"무례한, 뻔뻔스러운",namaiki,50,false,
生意気な,なまいきな,"무례한, 건방진, 뻔뻔스러운, 대담한",namaikina,50,false,
並木,なみき,가로수,namiki,50,false,
倣う,ならう,"모방하다, 따르다",narau,50,false,
生る,なる,"울리다, 소리가 나다",naru,50,false,
南極,なんきょく,남극,nankyoku,50,false,
なんとなく,なんとなく,"왠지, 어쩐지",nantonaku,50,false,
なんとも,なんとも,"뭐라고도, 꽤",nantomo,50,false,
何とも,なんとも,"뭐라고도, 꽤",nantomo_2,50,false,
ナンバー,ナンバー,숫자,nanbaa,50,false,
南米,なんべい,남아메리카,nanbei,50,false,
南北,なんぼく,남쪽과 북쪽,nanboku,50,false,
匂う,におう,"향기가 나다, 냄새가 나다",niou,50,false,
逃がす,にがす,"자유롭게 하다, 도망가게 하다",nigasu,50,false,
憎い,にくい,혐오스러운,nikui,60,false,
憎む,にくむ,"미워하다, 싫어하다",nikumu,50,false,
憎らしい,にくらしい,"혐오스러운, 증오스러운",nikurashii,50,false,
にこにこ,にこにこ,"방긋방긋, 싱글싱글",nikoniko,50,false,
濁る,にごる,"탁해지다, 흐려지다",nigoru,60,false,
虹,にじ,무지개,niji,50,false,
日時,にちじ,날짜와 시간,nichiji,60,false,
日用品,にちようひん,일용품,nichiyouhin,60,false,
日課,にっか,"매일의 일, 일상",nikka,60,false,
日程,にってい,일정,nittei,60,false,
鈍い,にぶい,"둔한 (예: 칼), 둔감한, 느린 (빠른 것과 반대), 멍청한",nibui,60,false,
入社,にゅうしゃ,회사에 입사하다,nyuusha,60,false,
女房,にょうぼう,부인,nyoubou,50,false,
睨む,にらむ,"눈부시게 쳐다보다, 계속 지켜보기 위해",niramu,50,false,
煮る,にる,"삶다, 끓여 익히다",niru,50,false,
俄,にわか,"갑작스러운, 예상치 못한",niwaka,50,false,
縫う,ぬう,바느질하다,nuu,50,false,
ねじ,ねじ,(a) 나사,neji,50,false,
捩る,ねじる,비틀다,nejiru,50,false,
ネックレス,ネックレス,목걸이,nekkuresu,50,false,
熱する,ねっする,가열하다,nessuru,60,false,
寝間着,ねまき,잠옷,nemaki,50,false,
寝巻,ねまき,잠옷,nemaki_2,50,false,
狙い,ねらい,목표,nerai,50,false,
狙う,ねらう,목표로하다,nerau,60,false,
年度,ねんど,"연도, 회계연도",nendo,60,false,
農産物,のうさんぶつ,농산물,nousanbutsu,50,false,
農村,のうそん,농촌,nouson,50,false,
濃度,のうど,"농도, 밀도",noudo,50,false,
農薬,のうやく,농약,nouyaku,60,false,
能率,のうりつ,능률,nouritsu,60,false,
のこぎり,のこぎり,봤다,nokogiri,50,false,
残らず,のこらず,예외없이 완전히,nokorazu,50,false,
上り,のぼり,"오름, 올라가는 쪽",nobori,50,false,
糊,のり,"풀, 페이스트, 전분",nori,50,false,
乗換,のりかえ,"환승(예: 기차, 버스)",norikae,50,false,
乗り換え,のりかえ,"(n) 환승(기차, 버스 등)",norikae_2,50,false,
乗り越し,のりこし,(자신의 역)을 타고 지나가다,norikoshi,50,false,
鈍い,のろい,"둔한(예: 칼), 느린(빠른 것과 반대), 멍청한",noroi,60,false,
のろのろ,のろのろ,"천천히, 느리게",noronoro,50,false,
呑気,のんき,"평온한, 낙천적인, 부주의한",nonki,50,false,
はい (かん),はい (かん),예,hai_(kan),50,false,
灰色,はいいろ,"회색, 잿빛",haiiro,50,false,
俳句,はいく,하이쿠 시,haiku,50,false,
売店,ばいてん,"쇼핑하다, 서다",baiten,50,false,
バイバイ,バイバイ,안녕,baibai,50,false,
売買,ばいばい,"무역, 구매 및 판매",baibai_2,50,false,
這う,はう,기어가다,hau,50,false,
剥す,はがす,"떼어내다, 벗겨내다",hagasu,50,false,
剥がす,はがす,"벗겨내다, 떼어내다, 연결을 끊다",hagasu_2,50,false,
ばからしい,ばからしい,터무니없는,bakarashii,50,false,
秤,はかり,"저울, 계량기",hakari,50,false,
吐き気,はきけ,"메스꺼움, 위장병",hakike,50,false,
はきはき,はきはき,분명히,hakihaki,50,false,
掃く,はく,"쓸어내다, 닦다, 모으다",haku,60,false,
歯車,はぐるま,"기어, 톱니바퀴",haguruma,50,false,
バケツ,バケツ,양동이,baketsu,50,false,
挟まる,はさまる,"사이에 끼다, 갇히다",hasamaru,50,false,
挟む,はさむ,"꼬집다, 사이에 붙잡다, 삽입하다",hasamu,60,false,
梯子,はしご,"사다리, 계단",hashigo,50,false,
始めに,はじめに,우선,hajimeni,50,false,
初めに,はじめに,우선,hajimeni_2,50,false,
はじめまして,はじめまして,"잘 지내세요, 만나서 반가워요",hajimemashite,50,false,
斜,はす,대각선,hasu,50,false,
外れる,はずれる,"연결이 끊어지다, 제자리에서 벗어나다, 떨어져 나가다, 나가다(예: 장비에서)",hazureru,50,false,
パターン,パターン,무늬,pataan,50,false,
肌着,はだぎ,속옷,hadagi,50,false,
果して,はたして,예상대로 정말,hatashite,50,false,
果たして,はたして,"역시 예상대로, 생각대로, 당연하지",hatashite_2,60,false,
鉢,はち,"그릇, 냄비",hachi,50,false,
発,はつ,출발하다 (예: 비행기나 기차를 타고),hatsu,50,false,
×,ばつ,십자가,batsu,50,false,
発揮,はっき,"전시, 시연",hakki,60,false,
バック,バック,뒤쪽에,bakku,50,false,
発想,はっそう,"아이디어, 사고방식",hassou,60,false,
発電,はつでん,발전(예: 전력),hatsuden,50,false,
発売,はつばい,판매,hatsubai,60,false,
派手,はで,"화려한, 시끄러운",hade,60,false,
話合い,はなしあい,"토론, 이야기",hanashiai,50,false,
話し合い,はなしあい,"토론, 이야기, 회의",hanashiai_2,60,false,
話し掛ける,はなしかける,"사람에게 말을 걸다, (누군가에게) 말을 걸다",hanashikakeru,50,false,
話中,はなしちゅう,통화하는 동안 통화 중입니다.,hanashichuu,50,false,
甚だしい,はなはだしい,"극단적인, 지나친, 끔찍한",hanahadashii,50,false,
花火,はなび,불꽃,hanabi,60,false,
花嫁,はなよめ,신부,hanayome,50,false,
ばね,ばね,"스프링(예: 코일, 잎)",bane,50,false,
跳ねる,はねる,"뛰어오르다, 도약하다",haneru,50,false,
破片,はへん,"파편, 부서진 조각",hahen,60,false,
歯磨き,はみがき,"칫솔질, 치약",hamigaki,60,false,
はめる,はめる,"(col) 들어가다, 삽입하다, 끼우다",hameru,50,false,
早口,はやくち,말이 빠른,hayakuchi,60,false,
払い込む,はらいこむ,"입금하다, 지불하다",haraikomu,50,false,
払い戻す,はらいもどす,갚다,haraimodosu,50,false,
針金,はりがね,철사,harigane,50,false,
張り切る,はりきる,"기분이 좋아지다, 활력이 넘치다",harikiru,60,false,
反～,はん～,"반~, 대항~",han～,50,false,
反映,はんえい,"반성, 영향",han'ei,50,false,
半径,はんけい,반지름,hankei,50,false,
判子,はんこ,인감(서명에 사용됨),hanko,50,false,
万歳,ばんざい,"반자이, 만세～!",banzai,50,false,
判事,はんじ,"판사, 정의",hanji,50,false,
反省,はんせい,"반성, 재검토",hansei,50,false,
番地,ばんち,"집 번호, 주소",banchi,50,false,
パンツ,パンツ,팬티,pantsu,50,false,
バンド,バンド,밴드,bando,50,false,
半島,はんとう,반도,hantou,50,false,
ハンドル,ハンドル,"핸들, 스티어링 휠",handoru,50,false,
非～,ひ～,"비~, 불~",hi～,60,false,
日当たり,ひあたり,"태양에 노출, 햇볕이 잘 드는 장소",hiatari,60,false,
日帰り,ひがえり,당일치기 여행,higaeri,60,false,
比較的,ひかくてき,비교적,hikakuteki,50,false,
日陰,ひかげ,그늘,hikage,50,false,
ぴかぴか,ぴかぴか,반짝임,pikapika,50,false,
引受る,ひきうける,"맡다, 인수하다",hikiukeru,50,false,
引き返す,ひきかえす,"돌아서다, 되돌아가다, 뒤로 돌아가다",hikikaesu,50,false,
引算,ひきざん,빼기,hikizan,50,false,
引き出す,ひきだす,"빼내다, 철수하다",hikidasu,60,false,
引き止める,ひきとめる,"뒤로 물러서다, 막다, 억제하다",hikitomeru,60,false,
卑怯,ひきょう,"비겁함, 비열함, 불공평함",hikyou,60,false,
引分け,ひきわけ,"무승부(대회에서), 동점 게임",hikiwake,50,false,
引き分け,ひきわけ,"무승부(대회에서), 동점 게임",hikiwake_2,50,false,
陽射,ひざし,"햇빛, 태양 광선",hizashi,50,false,
日差し,ひざし,햇빛,hizashi_2,60,false,
肘,ひじ,팔꿈치,hiji,50,false,
ピストル,ピストル,권총,pisutoru,50,false,
ビタミン,ビタミン,비타민,bitamin,50,false,
ぴたり,ぴたり,"정확히, 꼭 맞는",pitari,50,false,
引っ掛かる,ひっかかる,갇히다,hikkakaru,50,false,
筆記,ひっき,"메모하기, 쓰기",hikki,60,false,
引っ繰り返す,ひっくりかえす,"뒤집다, 넘어뜨리다",hikkurikaesu,50,false,
引っ繰り返る,ひっくりかえる,"뒤집히다, 뒤집어지다",hikkurikaeru,50,false,
引っ越し,ひっこし,"이사(집, 사무실 등), 거주지 변경",hikkoshi,50,false,
引っ込む,ひっこむ,"뒤로 물러나다, 가라앉다, 함몰시키다",hikkomu,50,false,
筆者,ひっしゃ,작가,hissha,60,false,
必需品,ひつじゅひん,필수품,hitsujuhin,50,false,
一～,ひと～,하나 ～,hito～,60,false,
人差指,ひとさしゆび,집게손가락,hitosashiyubi,50,false,
一通り,ひととおり,"일반적으로, 간략하게",hitotoori,50,false,
人通り,ひとどおり,보행자 교통,hitodoori,50,false,
ひとまず,ひとまず,"현재로서는, 한 번, 당분간",hitomazu,50,false,
瞳,ひとみ,눈동자(눈의),hitomi,50,false,
一休み,ひとやすみ,휴식,hitoyasumi,50,false,
独り言,ひとりごと,"독백, 혼잣말",hitorigoto,50,false,
ひとりでに,ひとりでに,"저절로, 자동으로, 자연스럽게",hitorideni,50,false,
ビニール,ビニール,비닐,biniiru,50,false,
皮肉,ひにく,"냉소주의, 풍자",hiniku,50,false,
日日,ひにち,날짜,hinichi,50,false,
日にち,ひにち,"날짜(계획된 사건, 행위 등의), 요일",hinichi_2,50,false,
捻る,ひねる,"비틀다, 돌리다",hineru,50,false,
日の入り,ひのいり,일몰,hinoiri,50,false,
日の出,ひので,해돋이,hinode,50,false,
響き,ひびき,"에코, 소리",hibiki,50,false,
響く,ひびく,"울리다, 영향을 미치다",hibiku,50,false,
皮膚,ひふ,피부,hifu,50,false,
冷やす,ひやす,"(상온에서) 식히다, 차갑게 하다, 냉장하다",hiyasu,60,false,
ひゃっかじてん,ひゃっかじてん,백과 사전,hyakkajiten,50,false,
百科事典,ひゃっかじてん,백과 사전,hyakkajiten_2,50,false,
美容,びよう,모습이나 형태의 아름다움,biyou,50,false,
表紙,ひょうし,"앞표지, 제본",hyoushi,60,false,
標識,ひょうしき,"서명하다, 표시하다",hyoushiki,50,false,
標準,ひょうじゅん,"표준, 레벨",hyoujun,50,false,
標本,ひょうほん,"표본, 견본",hyouhon,50,false,
評論,ひょうろん,비판,hyouron,60,false,
ビルディング,ビルディング,건물,birudingu,50,false,
昼寝,ひるね,"낮잠(집에서), 낮잠",hirune,60,false,
広げる,ひろげる,"확장하다, 확대하다, 넓히다",hirogeru,60,false,
広さ,ひろさ,정도,hirosa,50,false,
広場,ひろば,큰 광장,hiroba,60,false,
広々,ひろびろ,"광범위한, 넓은",hirobiro,50,false,
ピンク,ピンク,분홍색,pinku,50,false,
便箋,びんせん,"필기용지, 문구류",binsen,50,false,
瓶詰,びんづめ,병에 담다,binzume,50,false,
ファスナー,ファスナー,"패스너, 지퍼",fasunaa,50,false,
風船,ふうせん,풍선,fuusen,50,false,
不運,ふうん,불운,fuun,50,false,
深まる,ふかまる,"심화하다, 강화하다",fukamaru,60,false,
不規則,ふきそく,"불규칙, 불안정",fukisoku,60,false,
普及,ふきゅう,확산,fukyuu,60,false,
付近,ふきん,"동네, 근처",fukin,60,false,
副～,ふく～,바이스 ～,fuku～,60,false,
副詞,ふくし,부사,fukushi,50,false,
複写,ふくしゃ,"복사하다, 복제하다",fukusha,50,false,
複数,ふくすう,복수,fukusuu,60,false,
ふくめる,ふくめる,포함시키다,fukumeru,50,false,
膨らます,ふくらます,"부풀다, 팽창하다, 팽창시키다",fukuramasu,60,false,
膨らむ,ふくらむ,"팽창하다, 부풀어오르다(부풀어 오르다), 부풀어 오르다",fukuramu,60,false,
不潔,ふけつ,"부정한, 더러운",fuketsu,50,false,
更ける,ふける,"늦게 도착하다, 입다",fukeru,50,false,
符号,ふごう,"표시, 상징",fugou,50,false,
夫妻,ふさい,"남자와 아내, 부부",fusai,50,false,
塞がる,ふさがる,"막히다, 닥치다",fusagaru,50,false,
塞ぐ,ふさぐ,"물건을 채우다, 닫다, 막다(위로)",fusagu,60,false,
ふざける,ふざける,장난을 치다,fuzakeru,50,false,
無沙汰,ぶさた,연락을 소홀히 하는 것,busata,60,false,
武士,ぶし,"전사, 사무라이",bushi,50,false,
部首,ぶしゅ,급진적(한자 문자의),bushu,50,false,
蒸す,ふす,"(음식, 수건 등을) 찌다, 덥다, 후덥지근하다",fusu,50,false,
襖,ふすま,슬라이딩 스크린,fusuma,50,false,
附属,ふぞく,"부속, 딸림",fuzoku,50,false,
付属,ふぞく,"부속, 딸림",fuzoku_2,50,false,
蓋,ふた,뚜껑,futa,50,false,
不通,ふつう,"정지, 중단, 중지",futsuu,50,false,
物騒,ぶっそう,"위험한, 불안한",bussou,50,false,
ぶつぶつ,ぶつぶつ,"투덜거리다, 작은 목소리로 불평하다",butsubutsu,50,false,
船便,ふなびん,선편(선박),funabin,50,false,
部品,ぶひん,"부품, 액세서리",buhin,60,false,
吹雪,ふぶき,눈보라,fubuki,50,false,
父母,ふぼ,"아버지와 어머니, 부모님",fubo,50,false,
踏切,ふみきり,"철도 건널목, 건널목, 출발선, 스크래치, 크로스오버",fumikiri,50,false,
麓,ふもと,"발, 바닥, (산의) 밑바닥",fumoto,50,false,
フライパン,フライパン,후라이팬,furaipan,50,false,
ブラウス,ブラウス,블라우스,burausu,50,false,
ぶらさげる,ぶらさげる,매달다,burasageru,50,false,
ブラシ,ブラシ,브러시,burashi,50,false,
プラットホーム,プラットホーム,플랫폼,purattohoomu,50,false,
フリー,フリー,무료,furii,50,false,
振り仮名,ふりがな,발음 키,furigana,50,false,
振り向く,ふりむく,"얼굴을 돌리다, 돌아서다",furimuku,60,false,
プリント,プリント,"인쇄, 유인물",purinto,50,false,
古～,ふる～,낡은 ～,furu～,50,false,
故郷,ふるさと,"고향, 출생지",furusato,60,false,
古里,ふるさと,"고향, 출생지",furusato_2,50,false,
振舞う,ふるまう,"행동하다, 지휘하다",furumau,50,false,
ブローチ,ブローチ,브로치,buroochi,50,false,
プログラム,プログラム,프로그램,puroguramu,50,false,
風呂敷,ふろしき,"보자기, 천 포장지",furoshiki,50,false,
ふわふわ,ふわふわ,가볍고 부드럽다,fuwafuwa,50,false,
噴火,ふんか,분화,funka,50,false,
分解,ぶんかい,"분석, 분해",bunkai,60,false,
文芸,ぶんげい,"문학, 예술과 문학",bungei,50,false,
文献,ぶんけん,"문학, 서적(참고)",bunken,60,false,
噴水,ふんすい,분수,funsui,50,false,
分数,ぶんすう,분수 (수학),bunsuu,50,false,
文体,ぶんたい,문체,buntai,50,false,
分布,ぶんぷ,분포,bunpu,50,false,
文房具,ぶんぼうぐ,문방구,bunbougu,50,false,
文脈,ぶんみゃく,문맥,bunmyaku,50,false,
分量,ぶんりょう,"금액, 수량",bunryou,60,false,
分類,ぶんるい,분류,bunrui,60,false,
閉会,へいかい,폐쇄,heikai,50,false,
平気,へいき,"시원함, 평온함, 무관심",heiki,60,false,
並行,へいこう,"(가다) 나란히, 동시에",heikou,50,false,
平日,へいじつ,주일,heijitsu,60,false,
兵隊,へいたい,군인,heitai,50,false,
平凡,へいぼん,"일반적인, 평범한",heibon,60,false,
平野,へいや,"평원, 열린 들판",heiya,50,false,
凹む,へこむ,움푹 들어가다,hekomu,50,false,
へそ,へそ,배꼽,heso,50,false,
隔てる,へだてる,폐쇄되다,hedateru,60,false,
別荘,べっそう,"별장, 여름 별장",bessou,60,false,
別々,べつべつ,"별도로, 개별적으로",betsubetsu,50,false,
ベテラン,ベテラン,재향 군인,beteran,50,false,
ヘリコプター,ヘリコプター,헬리콥터,herikoputaa,50,false,
編集,へんしゅう,"편집, 편집(예: 위원회)",henshuu,60,false,
便所,べんじょ,화장실,benjo,50,false,
ペンチ,ペンチ,펜치 (점등 : 핀처),penchi,50,false,
ボーナス,ボーナス,보너스,boonasu,50,false,
防～,ぼう～,～ 예방,bou～,50,false,
望遠鏡,ぼうえんきょう,망원경,bouenkyou,50,false,
方角,ほうがく,"방향, 길",hougaku,50,false,
箒,ほうき,비,houki,50,false,
方言,ほうげん,방언,hougen,50,false,
坊さん,ぼうさん,"불교 승려, 스님",bousan,50,false,
防止,ぼうし,"예방, 점검",boushi,50,false,
方針,ほうしん,"목표, 계획, 정책",houshin,60,false,
包装,ほうそう,포장,housou,50,false,
法則,ほうそく,"법, 규칙",housoku,50,false,
包帯,ほうたい,붕대,houtai,50,false,
膨大,ぼうだい,"거대한, 광범위한",boudai,60,false,
包丁,ほうちょう,"부엌칼, 조각칼",houchou,60,false,
方程式,ほうていしき,방정식,houteishiki,50,false,
防犯,ぼうはん,범죄 예방,bouhan,60,false,
方面,ほうめん,"방향, 영역",houmen,60,false,
坊や,ぼうや,소년,bouya,50,false,
放る,ほうる,놓아주다,houru,50,false,
朗らか,ほがらか,"밝고, 쾌활하고, 멜로디",hogaraka,50,false,
朗らか(な),ほがらか(な),"명랑하다, 즐겁고 밝다(하늘, 낮 등), 맑다",hogaraka(na),50,false,
牧場,ぼくじょう,"농장(가축), 목초지",bokujou,60,false,
牧畜,ぼくちく,목축업,bokuchiku,50,false,
保健,ほけん,"건강 유지, 위생",hoken,50,false,
募集,ぼしゅう,신병 모집,boshuu,60,false,
干す,ほす,"바람을 피우다, 말리다, 마시다",hosu,60,false,
ポスター,ポスター,포스터,posutaa,50,false,
北極,ほっきょく,북극,hokkyoku,50,false,
坊っちゃん,ぼっちゃん,(다른 사람의) 아들,botchan,50,false,
解く,ほどく,풀다,hodoku,60,false,
掘る,ほる,"파다, 발굴하다",horu,60,false,
彫る,ほる,조각하다,horu_2,50,false,
ぼろ,ぼろ,"걸레, 너덜해진 옷",boro,50,false,
盆,ぼん,"죽음의 축제, 쟁반",bon,50,false,
盆地,ぼんち,분지(예: 산 사이),bonchi,50,false,
ほんの～,ほんの～,"아주 조금의, 겨우 ~",honno～,50,false,
本部,ほんぶ,본부,honbu,50,false,
本来,ほんらい,"본질적으로, 자연스럽게",honrai,60,false,
まあまあ,まあまあ,"좋아요, 그저 그렇습니다, 품위 있는",maamaa,50,false,
毎～,まい～,～마다,mai～,50,false,
枚数,まいすう,평평한 것의 수,maisuu,50,false,
毎度,まいど,매번 공통 서비스 부문 인사말,maido,50,false,
まく,まく,"감다, 굴리다",maku,50,false,
枕,まくら,베개,makura,50,false,
曲げる,まげる,"구부리다, 기대다",mageru,50,false,
まごまご,まごまご,"혼란스러워하다, 당황하다",magomago,50,false,
摩擦,まさつ,"마찰, 비벼서 따뜻하게 하다",masatsu,50,false,
まざる,まざる,"섞이다, 어울리다",mazaru,50,false,
まじる,まじる,"섞이다, 어울리다",majiru,50,false,
マスク,マスク,마스크,masuku,50,false,
まぜる,まぜる,"섞다, 저어주다",mazeru,50,false,
またぐ,またぐ,걸터앉다,matagu,50,false,
跨ぐ,またぐ,"건너다/건너가다, 성큼성큼 걸어가다/건너가다, 건너다, 뻗다, 다리를 놓다, 안장을 놓다, 걸터앉다",matagu_2,50,false,
待合室,まちあいしつ,대기실,machiaishitsu,50,false,
待ち合わせる,まちあわせる,"만나다, 약속된 장소와 시간에 만나다",machiawaseru,50,false,
街角,まちかど,길모퉁이,machikado,50,false,
真っ暗,まっくら,완전한 어둠,makkura,50,false,
真っ黒,まっくろ,칠흑같이 어두운,makkuro,50,false,
真っ青,まっさお,"새파랗다, 새하얗게 질리다",massao,50,false,
真っ先,まっさき,"무엇보다도, 시작",massaki,60,false,
真っ白,まっしろ,순백의,masshiro,60,false,
祭る,まつる,"신격화하다, 모시다",matsuru,50,false,
窓口,まどぐち,(티켓) 창구,madoguchi,70,true,DAY 002
真似る,まねる,흉내내다,maneru,60,false,
まぶた,まぶた,눈꺼풀,mabuta,50,false,
マフラー,マフラー,겨울 스카프,mafuraa,50,false,
間も無く,まもなく,"곧, 짧은 시간 안에",mamonaku,50,false,
間もなく,まもなく,"곧, 머지않아, 짧은 시간 안에, 조금 있으면",mamonaku_2,50,false,
マラソン,マラソン,마라톤,marason,50,false,
稀,まれ,드물다,mare,60,false,
回り道,まわりみち,우회,mawarimichi,50,false,
満員,まんいん,"풀하우스, 공실 없음, 매진",man'in,50,false,
マンション,マンション,"다층 아파트, 콘도미니엄",manshon,50,false,
満点,まんてん,만점,manten,60,false,
未～,み～,아직은 아니야～,mi～,60,false,
見上げる,みあげる,"올려다보다, 감탄하다",miageru,50,false,
見送る,みおくる,"배웅하다, 호위하다, 통과시키다",miokuru,60,false,
見下ろす,みおろす,"내려다보다, 얕보다",miorosu,50,false,
見掛け,みかけ,외관,mikake,50,false,
三日月,みかづき,초승달,mikazuki,50,false,
岬,みさき,곶(해안),misaki,50,false,
みじめ,みじめ,"슬프다, 불쌍하다, 비참하다",mijime,50,false,
惨めな,みじめな,"비참하다, 불행하다, 슬프다, 불쌍하다",mijimena,50,false,
ミシン,ミシン,미싱,mishin,50,false,
自ら,みずから,"자기 자신을 위해서, 개인적으로",mizukara,50,false,
水着,みずぎ,수영복 (여성용),mizugi,50,false,
店屋,みせや,가게,miseya,50,false,
見出し,みだし,"제목, 색인",midashi,60,false,
道順,みちじゅん,"여행일정, 루트",michijun,50,false,
みっともない,みっともない,"보기 흉한, 꼴사나운",mittomonai,50,false,
見詰める,みつめる,응시하다,mitsumeru,50,false,
見直す,みなおす,"다시 살펴보다, 검토하다",minaosu,60,false,
見慣れる,みなれる,"보는 것에 익숙해지다, 익숙해지다",minareru,60,false,
醜い,みにくい,못생긴,minikui,50,false,
実る,みのる,"열매를 맺다, 익다",minoru,50,false,
身分,みぶん,"위치, 지위",mibun,50,false,
見本,みほん,견본,mihon,50,false,
見舞う,みまう,"(건강이) 안부를 묻다, 방문하다",mimau,50,false,
未満,みまん,"미만, 불충분",miman,60,false,
名字,みょうじ,성,myouji,50,false,
ミリ (メートル),ミリ (メートル),밀리,miri_(meetoru),50,false,
診る,みる,(의학적으로) 검사하다,miru,50,false,
民間,みんかん,민간인,minkan,50,false,
民主～,みんしゅ～,민주적인,minshu～,50,false,
民謡,みんよう,"민요, 대중가요",minyou,50,false,
無限,むげん,무한,mugen,60,false,
無地,むじ,솔직한,muji,50,false,
蒸し暑い,むしあつい,습하고 무더운,mushiatsui,60,false,
矛盾,むじゅん,"모순, 불일치",mujun,60,false,
無数,むすう,"셀 수 없는 수, 무한한 수",musuu,60,false,
紫,むらさき,보라색,murasaki,50,false,
群れ,むれ,"군중, 무리",mure,50,false,
姪,めい,조카,mei,50,false,
名～,めい～,유명한 ～,mei～,60,false,
名作,めいさく,걸작,meisaku,50,false,
名詞,めいし,명사,meishi,50,false,
名刺,めいし,명함,meishi_2,60,false,
名所,めいしょ,유명한 곳,meisho,60,false,
迷信,めいしん,미신,meishin,50,false,
命ずる,めいずる,"명령하다, 임명하다",meizuru,50,false,
名物,めいぶつ,"유명상품, 특산품",meibutsu,60,false,
銘々,めいめい,"각각, 개인",meimei,50,false,
恵まれる,めぐまれる,"～로 축복을 받다, 부자가 되다",megumareru,50,false,
巡る,めぐる,돌아다니다,meguru,50,false,
目指す,めざす,"목표로 삼다, 주시하다",mezasu,50,false,
目覚し,めざまし,알람시계,mezamashi,50,false,
目下,めした,"현재, 지금",meshita,50,false,
目印,めじるし,표시,mejirushi,60,false,
目立つ,めだつ,눈에 띄다,medatsu,60,false,
めちゃくちゃ,めちゃくちゃ,"터무니없는, 엉망인, 난파된",mechakucha,50,false,
めっきり,めっきり,놀랍게도,mekkiri,50,false,
めでたい,めでたい,"행복한, 행운의, 즐거운",medetai,50,false,
メニュー,メニュー,메뉴,menyuu,50,false,
めまい,めまい,현기증,memai,50,false,
目安,めやす,"기준, 가늠자",meyasu,50,false,
免税,めんぜい,면세,menzei,50,false,
面積,めんせき,영역,menseki,50,false,
面接,めんせつ,회견,mensetsu,60,false,
面倒臭い,めんどうくさい,귀찮다,mendoukusai,50,false,
モーター,モーター,모터,mootaa,50,false,
儲かる,もうかる,"이익이 나다, 이익을 얻다",moukaru,50,false,
儲ける,もうける,"아이를 낳다, 낳다",moukeru,50,false,
申し訳ない,もうしわけない,"변명할 수 없어, 미안해",moushiwakenai,50,false,
木材,もくざい,"재목, 목재",mokuzai,60,false,
目次,もくじ,목차,mokuji,50,false,
潜る,もぐる,"잠수하다, 통과하다, 회피하다, 숨기다",moguru,60,false,
もしかしたら,もしかしたら,어쩌면 어쩌면 어쩌면,moshikashitara,60,false,
もたれる,もたれる,기대다,motareru,50,false,
凭れる,もたれる,기대다,motareru_2,50,false,
モダン,モダン,현대의,modan,50,false,
餅,もち,찹쌀떡,mochi,50,false,
モデル,モデル,패션 모델,moderu,50,false,
元々,もともと,"원래, 본질적으로, 처음부터",motomoto,50,false,
物置,ものおき,"창고, 물건 두는 곳",monooki,50,false,
物語る,ものがたる,"말하다, 나타내다",monogataru,50,false,
物差し,ものさし,"자, 눈금자",monosashi,50,false,
物凄い,ものすごい,"엄청난, 무시무시한",monosugoi,50,false,
モノレール,モノレール,모노레일,monoreeru,50,false,
紅葉,もみじ,(일본어) 단풍나무,momiji,60,false,
揉む,もむ,"비비다, 구겨지다(위로), 주름을 잡다",momu,50,false,
もやす,もやす,태우다,moyasu,50,false,
催し,もよおし,"행사, 축제",moyooshi,60,false,
盛る,もる,"(음식)을 제공하다, 채우다, 처방하다",moru,50,false,
問答,もんどう,"질문과 답변, 대화",mondou,50,false,
やかましい,やかましい,"까다롭다, 지나치게 비판적이다",yakamashii,50,false,
喧しい,やかましい,"시끄러운, 떠들썩한",yakamashii_2,60,false,
夜間,やかん,밤에,yakan,60,false,
やかん,やかん,주전자,yakan_2,50,false,
やかん,やかん,주전자,yakan_3,50,false,
役者,やくしゃ,배우,yakusha,50,false,
役所,やくしょ,관공서,yakusho,50,false,
役人,やくにん,정부 관계자,yakunin,50,false,
薬品,やくひん,"의약품, 화학물질",yakuhin,60,false,
役目,やくめ,"의무, 사업",yakume,60,false,
火傷,やけど,"화상을 입다, 데게 하다",yakedo,50,false,
夜行,やこう,"야간열차, 야간여행",yakou,50,false,
矢印,やじるし,지시 화살,yajirushi,50,false,
やたらに,やたらに,"무작위로, 무모하게, 맹목적으로",yatarani,50,false,
薬局,やっきょく,약국,yakkyoku,50,false,
やっつける,やっつける,"(적을) 공격하다, 물리치다, 끝내다",yattsukeru,50,false,
やっぱり,やっぱり,어쨌든 어쨌든,yappari,50,false,
家主,やぬし,주인,yanushi,50,false,
破く,やぶく,찢다,yabuku,50,false,
やむをえない,やむをえない,"어쩔 수 없다, 피할 수 없다",yamuwoenai,50,false,
軟らかい,やわらかい,"부드러운, 절름발이",yawarakai,50,false,
遊園地,ゆうえんち,유원지,yuuenchi,60,false,
夕刊,ゆうかん,저녁 신문,yuukan,50,false,
友好,ゆうこう,우정,yuukou,60,false,
郵送,ゆうそう,우편물,yuusou,70,true,DAY 002
夕立,ゆうだち,(갑자기) 저녁 소나기 (비),yuudachi,50,false,
夕日,ゆうひ,"(in) 저녁 해, 지는 해",yuuhi,60,false,
悠々,ゆうゆう,"조용하다, 차분하다, 여유롭다",yuuyuu,50,false,
有料,ゆうりょう,"입장료, 통행료",yuuryou,60,false,
浴衣,ゆかた,"목욕 가운, 비격식적인 여름 기모노",yukata,50,false,
行方,ゆくえ,자신의 행방,yukue,60,false,
湯気,ゆげ,증기,yuge,50,false,
輸血,ゆけつ,수혈,yuketsu,50,false,
輸送,ゆそう,운송,yusou,50,false,
油断,ゆだん,"태만, 준비 부족",yudan,60,false,
湯飲み,ゆのみ,찻잔,yunomi,50,false,
湯飲,ゆのみ,찻잔,yunomi_2,50,false,
緩い,ゆるい,"느슨한, 관대한, 느린",yurui,50,false,
溶岩,ようがん,용암,yougan,50,false,
容器,ようき,"용기, 포장",youki,60,false,
用語,ようご,용어,yougo,50,false,
要旨,ようし,"요점, 필수사항, 요약",youshi,60,false,
幼児,ようじ,"유아, 아기, 어린이",youji,50,false,
容積,ようせき,"용적, 부피",youseki,50,false,
幼稚,ようち,"유아기, 유치한, 유아기의",youchi,60,false,
幼稚園,ようちえん,유치원,youchien,60,false,
用途,ようと,"사용, 유용성",youto,60,false,
洋品店,ようひんてん,옷가게,youhinten,50,false,
養分,ようぶん,영양,youbun,50,false,
羊毛,ようもう,양모,youmou,50,false,
漸く,ようやく,"마침내, 거의",youyaku,50,false,
要領,ようりょう,"요점, 필수사항, 개요",youryou,50,false,
翌～,よく～,다음 ～,yoku～,50,false,
欲張り,よくばり,탐욕스러운,yokubari,60,false,
余計,よけい,"너무 많은, 불필요한, 풍요, 잉여, 초과, 과잉",yokei,50,false,
よこす,よこす,"보내다, 전달하다, (예: 돈)을 넘겨주다",yokosu,50,false,
よごす,よごす,"(1) 불명예를 주다, 불명예를 주다, (2) 더럽히다, 오염시키다, 더럽히다",yogosu,50,false,
寄せる,よせる,"가까이 오다, 누군가에게 다가가게 하다, 모으다, 수집하다, 모으다 전달하다(의견, 뉴스 등), 보내다(편지 등), 기여하다, 누군가를 들르게 하기 위해 기부하다",yoseru,60,false,
余所,よそ,"다른 곳, 이상한 부분",yoso,50,false,
四つ角,よつかど,"네 모퉁이, 교차로",yotsukado,50,false,
酔っ払い,よっぱらい,술고래,yopparai,50,false,
予備,よび,"준비, 예비",yobi,50,false,
呼び掛ける,よびかける,"(군중에게) 호소하다, 고발하다, 호소하다",yobikakeru,50,false,
呼び出す,よびだす,"소환하다, 부르다 (예: 전화)",yobidasu,50,false,
蘇る,よみがえる,부활해야 한다,yomigaeru,50,false,
慶ぶ,よろこぶ,기뻐하다,yorokobu,50,false,
来日,らいにち,"일본에 가다, 일본을 방문하다",rainichi,60,false,
落第,らくだい,"실패, 수업 중퇴",rakudai,50,false,
ラッシュアワー,ラッシュアワー,러시아워,rasshuawaa,50,false,
欄,らん,텍스트 열(예: 신문의 경우),ran,60,false,
ランチ,ランチ,점심,ranchi,50,false,
ランニング,ランニング,"달리기, 탱크탑",ranningu,50,false,
乱暴,らんぼう,"무례한, 폭력적인, 거친",ranbou,60,false,
理科,りか,과학,rika,50,false,
利害,りがい,"장점과 단점, 관심",rigai,50,false,
リズム,リズム,율,rizumu,50,false,
リットル,リットル,리터,rittoru,50,false,
リポート,リポート,"보고서, 종이",ripooto,50,false,
リボン,リボン,리본,ribon,50,false,
略す,りゃくす,축약하다,ryakusu,60,false,
流域,りゅういき,(강) 유역,ryuuiki,50,false,
寮,りょう,"호스텔, 기숙사",ryou,60,false,
両～,りょう～,둘 다 ～,ryou～,50,false,
両側,りょうがわ,양쪽,ryougawa,50,false,
漁師,りょうし,어부,ryoushi,50,false,
領事,りょうじ,영사,ryouji,50,false,
領収,りょうしゅう,"영수증, 상품권",ryoushuu,50,false,
臨時,りんじ,"일시적인, 특별한",rinji,60,false,
留守番,るすばん,"간병인, 집을 지켜보는 사람",rusuban,50,false,
例外,れいがい,예외,reigai,60,false,
零点,れいてん,"0, 표시 없음",reiten,50,false,
冷凍,れいとう,"냉동, 냉장",reitou,50,false,
レインコート,レインコート,비옷,reinkooto,50,false,
レクリェーション,レクリェーション,레크리에이션,rekurieeshon,50,false,
レジャー,レジャー,여가,rejaa,50,false,
列島,れっとう,섬의 사슬,rettou,50,false,
煉瓦,れんが,벽돌,renga,50,false,
連合,れんごう,"연합, 동맹",rengou,50,false,
レンズ,レンズ,렌즈,renzu,50,false,
ローマ字,ローマじ,"로마자 표기, 로마자(알파벳)",roomaji,50,false,
ろうそく,ろうそく,양초,rousoku,50,false,
録音,ろくおん,(오디오) 녹음,rokuon,50,false,
ロッカー,ロッカー,사물함,rokkaa,50,false,
ロビー,ロビー,로비,robii,50,false,
論ずる,ろんずる,"논쟁하다, 토론하다",ronzuru,50,false,
和～,わ～,일본식,wa～,50,false,
和英,わえい,일본어-영어,waei,50,false,
我～,わが～,우리 ～,waga～,50,false,
分かれる,わかれる,"갈라지다, 쪼개지다, 나누다, 흩어지다",wakareru,60,false,
若々しい,わかわかしい,젊다,wakawakashii,50,false,
詫びる,わびる,사과하다,wabiru,50,false,
和服,わふく,일본옷,wafuku,50,false,
割合に,わりあいに,상대적으로,wariaini,50,false,
割算,わりざん,나눗셈 (수학),warizan,50,false,
割と,わりと,상대적으로,warito,50,false,
割引,わりびき,할인,waribiki,60,false,
ワンピース,ワンピース,원피스 드레스,wanpiisu,50,false,
